Date,TaiwanDate,TrainNo,MeanDelay,MaxDelay,ObservedStopCount_Actual,TrainType,Direction,TripLine,CoverageRate,ObservedStopCount,ScheduledStopCount,IsHoliday,HolidayType,Period,TerminalDelay,IsDelayed,IsDelayed_Research
2026-03-18,2026-03-18,1006,1.0,4.0,44,區間快,0,2,1.0,44,44,0,平日,尖峰,1.0,0,0
2026-03-18,2026-03-18,1007,0.0,0.0,9,區間快,1,0,0.8182,9,11,0,平日,尖峰,0.0,0,0
2026-03-18,2026-03-18,101,0.25,2.0,16,自強,1,1,0.8421,16,19,0,平日,尖峰,0.0,0,0
2026-03-18,2026-03-18,102,1.0833333333333333,4.0,12,自強,0,1,0.7059,12,17,0,平日,尖峰,4.0,0,0
2026-03-18,2026-03-18,103,1.5,4.0,26,自強,1,2,1.0,26,26,0,平日,尖峰,0.0,0,0
2026-03-18,2026-03-18,1038,0.9393939393939394,6.0,33,區間快,0,2,0.6735,33,49,0,平日,離峰,,0,0
2026-03-18,2026-03-18,105,1.5,4.0,30,自強,1,1,0.9677,30,31,0,平日,尖峰,0.0,0,0
2026-03-18,2026-03-18,107,0.4,3.0,10,傾斜式自強,1,1,1.0,10,10,0,平日,尖峰,0.0,0,0
2026-03-18,2026-03-18,108,0.3333333333333333,2.0,24,自強,0,1,0.8889,24,27,0,平日,深夜,2.0,0,0
2026-03-18,2026-03-18,109,0.8636363636363636,3.0,22,自強,1,1,0.9565,22,23,0,平日,尖峰,1.0,0,0
2026-03-18,2026-03-18,110,0.9230769230769231,3.0,13,自強,0,1,1.0,13,13,0,平日,尖峰,2.0,0,0
2026-03-18,2026-03-18,1104,0.0,0.0,2,區間,0,0,0.5,2,4,0,平日,深夜,0.0,0,0
2026-03-18,2026-03-18,1105,0.2222222222222222,1.0,9,區間,1,1,0.6923,9,13,0,平日,深夜,0.0,0,0
2026-03-18,2026-03-18,1106,0.0,0.0,5,區間,0,0,0.3333,5,15,0,平日,深夜,0.0,0,0
2026-03-18,2026-03-18,1107,0.5294117647058824,3.0,17,區間,1,1,0.4722,17,36,0,平日,深夜,0.0,0,0
2026-03-18,2026-03-18,1108,0.0,0.0,2,區間,0,0,0.5,2,4,0,平日,尖峰,0.0,0,0
2026-03-18,2026-03-18,1109,0.2222222222222222,1.0,9,區間,1,0,0.5,9,18,0,平日,深夜,1.0,0,0
2026-03-18,2026-03-18,111,0.38461538461538464,3.0,13,自強,1,1,1.0,13,13,0,平日,尖峰,0.0,0,0
2026-03-18,2026-03-18,1110,0.4,1.0,5,區間,0,0,0.5556,5,9,0,平日,尖峰,0.0,0,0
2026-03-18,2026-03-18,1112,0.0,0.0,13,區間,0,0,0.4062,13,32,0,平日,深夜,0.0,0,0
2026-03-18,2026-03-18,1117,0.13636363636363635,1.0,22,區間,1,1,0.5641,22,39,0,平日,尖峰,0.0,0,0
2026-03-18,2026-03-18,112,0.9285714285714286,2.0,28,自強,0,2,1.0,28,28,0,平日,深夜,0.0,0,0
2026-03-18,2026-03-18,1120,0.06666666666666667,1.0,15,區間,0,0,0.5556,15,27,0,平日,深夜,0.0,0,0
2026-03-18,2026-03-18,1121,1.6666666666666667,6.0,24,區間,1,0,0.75,24,32,0,平日,尖峰,3.0,0,0
2026-03-18,2026-03-18,1122,0.05555555555555555,1.0,18,區間,0,0,0.5625,18,32,0,平日,深夜,0.0,0,0
2026-03-18,2026-03-18,1123,0.08333333333333333,1.0,24,區間,1,0,0.75,24,32,0,平日,深夜,0.0,0,0
2026-03-18,2026-03-18,1124,0.8421052631578947,2.0,19,區間,0,0,0.7037,19,27,0,平日,深夜,1.0,0,0
2026-03-18,2026-03-18,1127,1.1538461538461537,3.0,26,區間,1,1,0.7222,26,36,0,平日,尖峰,3.0,0,0
2026-03-18,2026-03-18,1128,1.6,4.0,25,區間,0,1,0.641,25,39,0,平日,深夜,0.0,0,0
2026-03-18,2026-03-18,1129,0.47368421052631576,1.0,19,區間,1,0,0.7037,19,27,0,平日,尖峰,1.0,0,0
2026-03-18,2026-03-18,113,1.25,3.0,16,自強,1,2,1.0,16,16,0,平日,尖峰,2.0,0,0
2026-03-18,2026-03-18,1130,0.2222222222222222,1.0,18,區間,0,0,0.72,18,25,0,平日,尖峰,,0,0
2026-03-18,2026-03-18,1131,0.625,2.0,24,區間,1,0,0.75,24,32,0,平日,尖峰,1.0,0,0
2026-03-18,2026-03-18,1132,0.043478260869565216,1.0,23,區間,0,0,0.7188,23,32,0,平日,尖峰,0.0,0,0
2026-03-18,2026-03-18,1134,0.17391304347826086,1.0,23,區間,0,0,0.7188,23,32,0,平日,尖峰,1.0,0,0
2026-03-18,2026-03-18,1135,1.0,4.0,19,區間,1,0,0.7037,19,27,0,平日,尖峰,0.0,0,0
2026-03-18,2026-03-18,1136,1.3,3.0,20,區間,0,0,0.7143,20,28,0,平日,尖峰,0.0,0,0
2026-03-18,2026-03-18,1137,0.6296296296296297,2.0,27,區間,1,1,0.6923,27,39,0,平日,尖峰,1.0,0,0
2026-03-18,2026-03-18,1138,0.4482758620689655,2.0,29,區間,0,1,0.6905,29,42,0,平日,尖峰,0.0,0,0
2026-03-18,2026-03-18,114,0.52,3.0,25,自強,0,1,1.0,25,25,0,平日,尖峰,3.0,0,0
2026-03-18,2026-03-18,1140,1.125,3.0,8,區間,0,0,0.6667,8,12,0,平日,尖峰,,0,0
2026-03-18,2026-03-18,1141,0.0,0.0,24,區間,1,0,0.75,24,32,0,平日,尖峰,0.0,0,0
2026-03-18,2026-03-18,1142,0.13043478260869565,1.0,23,區間,0,0,0.7188,23,32,0,平日,尖峰,0.0,0,0
2026-03-18,2026-03-18,1143,0.15789473684210525,1.0,19,區間,1,0,0.7037,19,27,0,平日,尖峰,0.0,0,0
2026-03-18,2026-03-18,1147,0.9629629629629629,3.0,27,區間,1,1,0.6923,27,39,0,平日,尖峰,0.0,0,0
2026-03-18,2026-03-18,1148,0.25925925925925924,2.0,27,區間,0,1,0.6923,27,39,0,平日,尖峰,0.0,0,0
2026-03-18,2026-03-18,115,0.3103448275862069,2.0,29,自強,1,1,0.9667,29,30,0,平日,尖峰,0.0,0,0
2026-03-18,2026-03-18,1151,0.125,1.0,24,區間,1,0,0.75,24,32,0,平日,離峰,1.0,0,0
2026-03-18,2026-03-18,1152,0.23076923076923078,2.0,26,區間,0,0,0.7222,26,36,0,平日,尖峰,0.0,0,0
2026-03-18,2026-03-18,1154,0.2,1.0,20,區間,0,0,0.7143,20,28,0,平日,尖峰,0.0,0,0
2026-03-18,2026-03-18,1157,0.5185185185185185,3.0,27,區間,1,1,0.6923,27,39,0,平日,離峰,0.0,0,0
2026-03-18,2026-03-18,1158,0.6071428571428571,1.0,28,區間,0,1,0.7,28,40,0,平日,尖峰,1.0,0,0
2026-03-18,2026-03-18,116,0.4,2.0,25,自強,0,1,1.0,25,25,0,平日,尖峰,2.0,0,0
2026-03-18,2026-03-18,1160,0.5714285714285714,2.0,14,區間,0,0,0.7778,14,18,0,平日,離峰,0.0,0,0
2026-03-18,2026-03-18,1161,0.2916666666666667,1.0,24,區間,1,0,0.75,24,32,0,平日,離峰,1.0,0,0
2026-03-18,2026-03-18,1162,0.25,2.0,24,區間,0,0,0.75,24,32,0,平日,離峰,0.0,0,0
2026-03-18,2026-03-18,1163,0.05263157894736842,1.0,19,區間,1,0,0.7037,19,27,0,平日,離峰,0.0,0,0
2026-03-18,2026-03-18,1166,0.25,1.0,8,區間,0,0,0.6667,8,12,0,平日,離峰,,0,0
2026-03-18,2026-03-18,1167,0.2962962962962963,1.0,27,區間,1,1,0.6923,27,39,0,平日,離峰,1.0,0,0
2026-03-18,2026-03-18,1168,0.2222222222222222,1.0,27,區間,0,1,0.6923,27,39,0,平日,離峰,0.0,0,0
2026-03-18,2026-03-18,117,0.14285714285714285,1.0,28,自強,1,1,0.9655,28,29,0,平日,離峰,1.0,0,0
2026-03-18,2026-03-18,1170,0.0,0.0,8,區間,0,0,0.6667,8,12,0,平日,離峰,,0,0
2026-03-18,2026-03-18,1171,0.48,4.0,25,區間,1,0,0.7576,25,33,0,平日,離峰,4.0,0,0
2026-03-18,2026-03-18,1172,0.043478260869565216,1.0,23,區間,0,0,0.7188,23,32,0,平日,離峰,0.0,0,0
2026-03-18,2026-03-18,1174,0.3684210526315789,1.0,19,區間,0,0,0.7037,19,27,0,平日,離峰,0.0,0,0
2026-03-18,2026-03-18,1177,0.37037037037037035,2.0,27,區間,1,1,0.6923,27,39,0,平日,離峰,1.0,0,0
2026-03-18,2026-03-18,1178,0.037037037037037035,1.0,27,區間,0,1,0.6923,27,39,0,平日,離峰,0.0,0,0
2026-03-18,2026-03-18,118,1.24,4.0,25,自強,0,1,1.0,25,25,0,平日,離峰,0.0,0,0
2026-03-18,2026-03-18,1181,0.16666666666666666,1.0,24,區間,1,0,0.75,24,32,0,平日,離峰,1.0,0,0
2026-03-18,2026-03-18,1182,0.3333333333333333,2.0,24,區間,0,0,0.75,24,32,0,平日,離峰,0.0,0,0
2026-03-18,2026-03-18,1183,0.05,1.0,20,區間,1,0,0.7143,20,28,0,平日,離峰,0.0,0,0
2026-03-18,2026-03-18,1187,0.5555555555555556,7.0,27,區間,1,1,0.6923,27,39,0,平日,離峰,7.0,1,0
2026-03-18,2026-03-18,1188,0.07407407407407407,1.0,27,區間,0,1,0.6923,27,39,0,平日,離峰,0.0,0,0
2026-03-18,2026-03-18,1191,0.625,2.0,24,區間,1,0,0.75,24,32,0,平日,離峰,2.0,0,0
2026-03-18,2026-03-18,1192,0.8333333333333334,4.0,24,區間,0,0,0.75,24,32,0,平日,離峰,0.0,0,0
2026-03-18,2026-03-18,1194,0.35,2.0,20,區間,0,0,0.7143,20,28,0,平日,離峰,0.0,0,0
2026-03-18,2026-03-18,1197,2.4074074074074074,4.0,27,區間,1,1,0.6923,27,39,0,平日,離峰,4.0,0,1
2026-03-18,2026-03-18,1198,0.3333333333333333,1.0,27,區間,0,1,0.6923,27,39,0,平日,離峰,0.0,0,0
2026-03-18,2026-03-18,120,0.18518518518518517,1.0,27,自強,0,2,1.0,27,27,0,平日,離峰,0.0,0,0
2026-03-18,2026-03-18,1201,0.0,0.0,24,區間,1,0,0.75,24,32,0,平日,離峰,0.0,0,0
2026-03-18,2026-03-18,1202,0.7916666666666666,3.0,24,區間,0,0,0.75,24,32,0,平日,離峰,0.0,0,0
2026-03-18,2026-03-18,1203,0.10526315789473684,1.0,19,區間,1,0,0.7037,19,27,0,平日,離峰,0.0,0,0
2026-03-18,2026-03-18,1207,0.8148148148148148,3.0,27,區間,1,1,0.6923,27,39,0,平日,離峰,1.0,0,0
2026-03-18,2026-03-18,1208,0.5555555555555556,2.0,27,區間,0,1,0.6923,27,39,0,平日,離峰,0.0,0,0
2026-03-18,2026-03-18,121,0.5416666666666666,2.0,24,自強,1,1,1.0,24,24,0,平日,離峰,0.0,0,0
2026-03-18,2026-03-18,1211,1.32,5.0,25,區間,1,0,0.7576,25,33,0,平日,離峰,4.0,0,0
2026-03-18,2026-03-18,1212,0.125,1.0,24,區間,0,0,0.75,24,32,0,平日,離峰,0.0,0,0
2026-03-18,2026-03-18,1214,0.05263157894736842,1.0,19,區間,0,0,0.7037,19,27,0,平日,離峰,0.0,0,0
2026-03-18,2026-03-18,1217,2.259259259259259,6.0,27,區間,1,1,0.6923,27,39,0,平日,離峰,4.0,0,1
2026-03-18,2026-03-18,1218,0.2962962962962963,2.0,27,區間,0,1,0.6923,27,39,0,平日,離峰,0.0,0,0
2026-03-18,2026-03-18,122,1.037037037037037,2.0,27,自強,0,1,0.9643,27,28,0,平日,離峰,1.0,0,0
2026-03-18,2026-03-18,1221,1.0,3.0,19,區間,1,0,0.7037,19,27,0,平日,離峰,0.0,0,0
2026-03-18,2026-03-18,1222,0.21739130434782608,2.0,23,區間,0,0,0.7188,23,32,0,平日,離峰,0.0,0,0
2026-03-18,2026-03-18,1223,0.36,2.0,25,區間,1,0,0.7576,25,33,0,平日,離峰,0.0,0,0
2026-03-18,2026-03-18,1226,2.6,3.0,10,區間,0,0,0.6667,10,15,0,平日,尖峰,1.0,0,1
2026-03-18,2026-03-18,1227,0.14814814814814814,1.0,27,區間,1,1,0.6923,27,39,0,平日,離峰,0.0,0,0
2026-03-18,2026-03-18,1228,0.18518518518518517,1.0,27,區間,0,1,0.6923,27,39,0,平日,離峰,0.0,0,0
2026-03-18,2026-03-18,123,0.9230769230769231,3.0,26,自強,1,1,1.0,26,26,0,平日,離峰,0.0,0,0
2026-03-18,2026-03-18,1231,1.1904761904761905,3.0,21,區間,1,0,0.7241,21,29,0,平日,離峰,1.0,0,0
2026-03-18,2026-03-18,1232,0.5652173913043478,3.0,23,區間,0,0,0.7188,23,32,0,平日,離峰,0.0,0,0
2026-03-18,2026-03-18,1234,1.5454545454545454,4.0,22,區間,0,0,0.6875,22,32,0,平日,離峰,1.0,0,0
2026-03-18,2026-03-18,1235,0.9583333333333334,4.0,24,區間,1,0,0.75,24,32,0,平日,尖峰,1.0,0,0
2026-03-18,2026-03-18,1237,0.2631578947368421,1.0,19,區間,1,1,0.4872,19,39,0,平日,尖峰,,0,0
2026-03-18,2026-03-18,1238,2.2962962962962963,4.0,27,區間,0,1,0.6923,27,39,0,平日,離峰,2.0,0,1
2026-03-18,2026-03-18,1239,0.7777777777777778,2.0,18,區間,1,0,0.75,18,24,0,平日,尖峰,0.0,0,0
2026-03-18,2026-03-18,124,0.2,2.0,10,傾斜式自強,0,1,1.0,10,10,0,平日,離峰,0.0,0,0
2026-03-18,2026-03-18,1241,0.625,2.0,16,區間,1,0,0.5,16,32,0,平日,尖峰,,0,0
2026-03-18,2026-03-18,1242,1.3181818181818181,3.0,22,區間,0,0,0.6875,22,32,0,平日,尖峰,,0,0
2026-03-18,2026-03-18,1243,0.3888888888888889,2.0,18,區間,1,0,0.6429,18,28,0,平日,尖峰,,0,0
2026-03-18,2026-03-18,1247,0.46153846153846156,2.0,13,區間,1,1,0.3333,13,39,0,平日,尖峰,,0,0
2026-03-18,2026-03-18,1248,0.4090909090909091,2.0,22,區間,0,1,0.5641,22,39,0,平日,尖峰,,0,0
2026-03-18,2026-03-18,125,1.2,4.0,25,自強,1,1,1.0,25,25,0,平日,離峰,4.0,0,0
2026-03-18,2026-03-18,1251,0.0,0.0,10,區間,1,0,0.2778,10,36,0,平日,尖峰,,0,0
2026-03-18,2026-03-18,1252,0.4375,2.0,16,區間,0,0,0.5,16,32,0,平日,尖峰,,0,0
2026-03-18,2026-03-18,1254,1.0,2.0,12,區間,0,0,0.4444,12,27,0,平日,尖峰,,0,0
2026-03-18,2026-03-18,1257,0.4,2.0,5,區間,1,1,0.119,5,42,0,平日,尖峰,,0,0
2026-03-18,2026-03-18,1258,0.9444444444444444,3.0,18,區間,0,1,0.4615,18,39,0,平日,尖峰,,0,0
2026-03-18,2026-03-18,1261,0.0,0.0,2,區間,1,0,0.087,2,23,0,平日,尖峰,,0,0
2026-03-18,2026-03-18,1262,0.9166666666666666,2.0,12,區間,0,0,0.375,12,32,0,平日,尖峰,,0,0
2026-03-18,2026-03-18,1268,0.1,1.0,10,區間,0,1,0.2564,10,39,0,平日,尖峰,,0,0
2026-03-18,2026-03-18,127,1.375,4.0,8,自強,1,1,1.0,8,8,0,平日,離峰,3.0,0,0
2026-03-18,2026-03-18,1272,0.0,0.0,2,區間,0,0,0.0625,2,32,0,平日,離峰,,0,0
2026-03-18,2026-03-18,1274,0.0,0.0,2,區間,0,0,0.0741,2,27,0,平日,離峰,,0,0
2026-03-18,2026-03-18,1278,0.0,0.0,2,區間,0,1,0.0513,2,39,0,平日,離峰,,0,0
2026-03-18,2026-03-18,128,0.7307692307692307,3.0,26,自強,0,1,0.963,26,27,0,平日,離峰,1.0,0,0
2026-03-18,2026-03-18,129,1.826086956521739,5.0,23,自強,1,1,0.9583,23,24,0,平日,離峰,0.0,0,0
2026-03-18,2026-03-18,130,0.47058823529411764,3.0,17,自強,0,2,0.9444,17,18,0,平日,離峰,0.0,0,0
2026-03-18,2026-03-18,131,0.0,0.0,13,自強,1,1,1.0,13,13,0,平日,離峰,0.0,0,0
2026-03-18,2026-03-18,132,0.9285714285714286,3.0,14,自強,0,1,1.0,14,14,0,平日,離峰,2.0,0,0
2026-03-18,2026-03-18,133,0.3333333333333333,3.0,27,自強,1,2,0.9643,27,28,0,平日,離峰,,0,0
2026-03-18,2026-03-18,134,0.46153846153846156,2.0,26,自強,0,1,0.8966,26,29,0,平日,離峰,,0,0
2026-03-18,2026-03-18,135,1.1363636363636365,4.0,22,自強,1,1,0.9167,22,24,0,平日,離峰,,0,0
2026-03-18,2026-03-18,136,0.09090909090909091,1.0,11,傾斜式自強,0,1,1.0,11,11,0,平日,離峰,0.0,0,0
2026-03-18,2026-03-18,137,0.09090909090909091,1.0,11,傾斜式自強,1,1,1.0,11,11,0,平日,離峰,0.0,0,0
2026-03-18,2026-03-18,138,0.7777777777777778,3.0,18,自強,0,1,0.7826,18,23,0,平日,離峰,,0,0
2026-03-18,2026-03-18,139,0.6666666666666666,2.0,15,自強,1,1,0.625,15,24,0,平日,離峰,,0,0
2026-03-18,2026-03-18,141,0.16666666666666666,1.0,12,自強,1,1,0.5,12,24,0,平日,離峰,,0,0
2026-03-18,2026-03-18,142,1.1,3.0,20,自強,0,1,0.7692,20,26,0,平日,離峰,,0,0
2026-03-18,2026-03-18,143,1.0,2.0,9,自強,1,1,0.6,9,15,0,平日,尖峰,,0,0
2026-03-18,2026-03-18,144,0.375,2.0,16,自強,0,1,0.5714,16,28,0,平日,離峰,,0,0
2026-03-18,2026-03-18,145,0.5454545454545454,3.0,11,自強,1,2,0.3929,11,28,0,平日,尖峰,,0,0
2026-03-18,2026-03-18,146,1.0,3.0,15,自強,0,2,0.5556,15,27,0,平日,離峰,,0,0
2026-03-18,2026-03-18,148,0.0,0.0,7,自強,0,1,0.875,7,8,0,平日,尖峰,,0,0
2026-03-18,2026-03-18,149,1.6666666666666667,4.0,9,自強,1,1,0.3333,9,27,0,平日,尖峰,,0,0
2026-03-18,2026-03-18,150,0.4166666666666667,3.0,12,自強,0,1,0.4615,12,26,0,平日,尖峰,,0,0
2026-03-18,2026-03-18,152,0.2222222222222222,1.0,9,自強,0,1,0.36,9,25,0,平日,尖峰,,0,0
2026-03-18,2026-03-18,154,0.6666666666666666,2.0,6,自強,0,1,0.5455,6,11,0,平日,尖峰,,0,0
2026-03-18,2026-03-18,161,0.2,3.0,20,自強,1,1,0.9091,20,22,0,平日,深夜,3.0,0,0
2026-03-18,2026-03-18,162,1.0625,5.0,16,傾斜式自強,0,1,0.9412,16,17,0,平日,尖峰,0.0,0,0
2026-03-18,2026-03-18,165,0.5,1.0,12,傾斜式自強,1,1,1.0,12,12,0,平日,離峰,1.0,0,0
2026-03-18,2026-03-18,168,0.3333333333333333,3.0,12,自強,0,1,0.5217,12,23,0,平日,離峰,,0,0
2026-03-18,2026-03-18,170,0.8148148148148148,3.0,27,自強,0,1,1.0,27,27,0,平日,深夜,0.0,0,0
2026-03-18,2026-03-18,172,0.4857142857142857,2.0,35,自強,0,1,0.9722,35,36,0,平日,離峰,0.0,0,0
2026-03-18,2026-03-18,175,0.25,2.0,28,自強,1,1,0.7778,28,36,0,平日,離峰,,0,0
2026-03-18,2026-03-18,176,0.9166666666666666,3.0,24,自強,0,1,1.0,24,24,0,平日,離峰,1.0,0,0
2026-03-18,2026-03-18,177,0.7307692307692307,2.0,26,自強,1,1,0.7429,26,35,0,平日,離峰,,0,0
2026-03-18,2026-03-18,181,0.21428571428571427,2.0,14,自強,1,1,0.4667,14,30,0,平日,離峰,,0,0
2026-03-18,2026-03-18,193,0.375,1.0,8,自強,1,1,1.0,8,8,0,平日,離峰,1.0,0,0
2026-03-18,2026-03-18,194,0.0,0.0,8,自強,0,1,1.0,8,8,0,平日,離峰,0.0,0,0
2026-03-18,2026-03-18,2003,0.09090909090909091,1.0,11,區間快,1,0,1.0,11,11,0,平日,尖峰,0.0,0,0
2026-03-18,2026-03-18,2004,0.0,0.0,13,區間快,0,1,0.9286,13,14,0,平日,尖峰,0.0,0,0
2026-03-18,2026-03-18,2005,0.3157894736842105,2.0,19,區間快,1,1,0.6786,19,28,0,平日,深夜,0.0,0,0
2026-03-18,2026-03-18,2007,1.375,9.0,32,區間快,1,2,0.9412,32,34,0,平日,尖峰,0.0,0,0
2026-03-18,2026-03-18,2008,0.32142857142857145,2.0,28,區間快,0,2,0.9333,28,30,0,平日,深夜,0.0,0,0
2026-03-18,2026-03-18,2013,0.3333333333333333,2.0,30,區間快,1,2,1.0,30,30,0,平日,離峰,1.0,0,0
2026-03-18,2026-03-18,2016,0.0,0.0,6,區間快,0,1,1.0,6,6,0,平日,離峰,0.0,0,0
2026-03-18,2026-03-18,2021,0.0,0.0,6,區間快,1,1,0.8571,6,7,0,平日,尖峰,0.0,0,0
2026-03-18,2026-03-18,2023,1.3333333333333333,4.0,9,區間快,1,1,0.9,9,10,0,平日,尖峰,0.0,0,0
2026-03-18,2026-03-18,2027,0.375,1.0,8,區間快,1,1,0.5714,8,14,0,平日,尖峰,,0,0
2026-03-18,2026-03-18,203,0.8888888888888888,3.0,9,傾斜式自強,1,0,0.9,9,10,0,平日,尖峰,1.0,0,0
2026-03-18,2026-03-18,2033,0.16666666666666666,2.0,24,區間快,1,2,0.8571,24,28,0,平日,離峰,,0,0
2026-03-18,2026-03-18,2037,0.5555555555555556,3.0,18,區間快,1,1,0.6667,18,27,0,平日,尖峰,,0,0
2026-03-18,2026-03-18,2042,0.782608695652174,4.0,23,區間快,0,1,0.6571,23,35,0,平日,尖峰,,0,0
2026-03-18,2026-03-18,2046,0.0,0.0,1,區間快,0,2,0.037,1,27,0,平日,離峰,,0,0
2026-03-18,2026-03-18,207,0.23076923076923078,1.0,13,自強,1,0,0.9286,13,14,0,平日,尖峰,0.0,0,0
2026-03-18,2026-03-18,2101,0.125,1.0,8,區間,1,1,0.6154,8,13,0,平日,尖峰,0.0,0,0
2026-03-18,2026-03-18,2103,1.0952380952380953,3.0,21,區間,1,1,0.4884,21,43,0,平日,深夜,1.0,0,0
2026-03-18,2026-03-18,211,0.3333333333333333,1.0,12,自強,1,0,1.0,12,12,0,平日,尖峰,1.0,0,0
2026-03-18,2026-03-18,2113,0.16,1.0,25,區間,1,1,0.5208,25,48,0,平日,深夜,0.0,0,0
2026-03-18,2026-03-18,2114,0.2,2.0,30,區間,0,1,0.5172,30,58,0,平日,深夜,0.0,0,0
2026-03-18,2026-03-18,2115,0.14285714285714285,1.0,7,區間,1,1,0.5,7,14,0,平日,尖峰,0.0,0,0
2026-03-18,2026-03-18,2116,0.0,0.0,2,區間,0,1,0.2857,2,7,0,平日,深夜,0.0,0,0
2026-03-18,2026-03-18,212,1.0,2.0,13,自強,0,0,0.9286,13,14,0,平日,尖峰,0.0,0,0
2026-03-18,2026-03-18,2120,0.7777777777777778,3.0,18,區間,0,1,0.4615,18,39,0,平日,深夜,0.0,0,0
2026-03-18,2026-03-18,2122,0.25,1.0,8,區間,0,1,0.5333,8,15,0,平日,尖峰,0.0,0,0
2026-03-18,2026-03-18,2123,0.5,4.0,30,區間,1,1,0.625,30,48,0,平日,尖峰,0.0,0,0
2026-03-18,2026-03-18,2124,0.6818181818181818,3.0,22,區間,0,1,0.4583,22,48,0,平日,深夜,0.0,0,0
2026-03-18,2026-03-18,2128,0.1875,1.0,16,區間,0,1,0.4706,16,34,0,平日,深夜,1.0,0,0
2026-03-18,2026-03-18,2131,0.42857142857142855,1.0,7,區間,1,1,0.5,7,14,0,平日,尖峰,1.0,0,0
2026-03-18,2026-03-18,2133,2.175,11.0,40,區間,1,1,0.5405,40,74,0,平日,深夜,4.0,0,1
2026-03-18,2026-03-18,2134,0.3111111111111111,3.0,45,區間,0,1,0.6081,45,74,0,平日,深夜,0.0,0,0
2026-03-18,2026-03-18,2138,0.15,1.0,20,區間,0,1,0.5405,20,37,0,平日,深夜,0.0,0,0
2026-03-18,2026-03-18,2143,0.43333333333333335,4.0,30,區間,1,1,0.625,30,48,0,平日,尖峰,0.0,0,0
2026-03-18,2026-03-18,2144,0.13333333333333333,1.0,30,區間,0,1,0.625,30,48,0,平日,尖峰,0.0,0,0
2026-03-18,2026-03-18,2146,0.0,0.0,4,區間,0,1,0.5714,4,7,0,平日,尖峰,0.0,0,0
2026-03-18,2026-03-18,215,0.23076923076923078,2.0,13,自強,1,0,1.0,13,13,0,平日,離峰,0.0,0,0
2026-03-18,2026-03-18,2153,0.22916666666666666,2.0,48,區間,1,1,0.6486,48,74,0,平日,尖峰,0.0,0,0
2026-03-18,2026-03-18,2154,0.2916666666666667,2.0,48,區間,0,1,0.6486,48,74,0,平日,尖峰,0.0,0,0
2026-03-18,2026-03-18,2159,0.0,0.0,7,區間,1,1,0.5,7,14,0,平日,離峰,0.0,0,0
2026-03-18,2026-03-18,2163,0.7666666666666667,3.0,30,區間,1,1,0.625,30,48,0,平日,離峰,2.0,0,0
2026-03-18,2026-03-18,2166,0.2857142857142857,1.0,7,區間,0,1,0.5,7,14,0,平日,離峰,0.0,0,0
2026-03-18,2026-03-18,217,0.0,0.0,8,傾斜式自強,1,0,1.0,8,8,0,平日,離峰,0.0,0,0
2026-03-18,2026-03-18,2173,0.3333333333333333,2.0,48,區間,1,1,0.6486,48,74,0,平日,尖峰,0.0,0,0
2026-03-18,2026-03-18,2174,0.4897959183673469,4.0,49,區間,0,1,0.6533,49,75,0,平日,離峰,0.0,0,0
2026-03-18,2026-03-18,218,0.25,2.0,8,傾斜式自強,0,0,1.0,8,8,0,平日,離峰,0.0,0,0
2026-03-18,2026-03-18,2183,0.5384615384615384,2.0,26,區間,1,1,0.619,26,42,0,平日,離峰,1.0,0,0
2026-03-18,2026-03-18,2184,0.16666666666666666,1.0,30,區間,0,1,0.625,30,48,0,平日,離峰,0.0,0,0
2026-03-18,2026-03-18,219,0.07692307692307693,1.0,13,傾斜式自強,1,0,0.9286,13,14,0,平日,離峰,0.0,0,0
2026-03-18,2026-03-18,2190,0.14285714285714285,1.0,7,區間,0,1,0.5,7,14,0,平日,離峰,1.0,0,0
2026-03-18,2026-03-18,2191,0.0,0.0,7,區間,1,1,0.5,7,14,0,平日,離峰,0.0,0,0
2026-03-18,2026-03-18,2193,0.22916666666666666,3.0,48,區間,1,1,0.6486,48,74,0,平日,離峰,0.0,0,0
2026-03-18,2026-03-18,2194,0.5416666666666666,3.0,48,區間,0,1,0.6486,48,74,0,平日,離峰,3.0,0,0
2026-03-18,2026-03-18,2203,1.4,4.0,30,區間,1,1,0.625,30,48,0,平日,離峰,0.0,0,0
2026-03-18,2026-03-18,2204,0.6,2.0,30,區間,0,1,0.625,30,48,0,平日,離峰,1.0,0,0
2026-03-18,2026-03-18,2213,1.1458333333333333,9.0,48,區間,1,1,0.6486,48,74,0,平日,離峰,2.0,0,0
2026-03-18,2026-03-18,2214,0.16666666666666666,1.0,48,區間,0,1,0.6486,48,74,0,平日,離峰,0.0,0,0
2026-03-18,2026-03-18,2223,1.1538461538461537,7.0,26,區間,1,1,0.5417,26,48,0,平日,離峰,,0,0
2026-03-18,2026-03-18,2224,0.3333333333333333,2.0,30,區間,0,1,0.625,30,48,0,平日,離峰,0.0,0,0
2026-03-18,2026-03-18,2226,6.0,7.0,4,區間,0,1,0.5714,4,7,0,平日,離峰,5.0,1,1
2026-03-18,2026-03-18,2233,0.41025641025641024,4.0,39,區間,1,1,0.527,39,74,0,平日,離峰,,0,0
2026-03-18,2026-03-18,2234,0.65625,4.0,32,區間,0,1,0.4324,32,74,0,平日,離峰,,0,0
2026-03-18,2026-03-18,2236,0.5,1.0,4,區間,0,1,0.5714,4,7,0,平日,尖峰,1.0,0,0
2026-03-18,2026-03-18,2237,0.8,4.0,15,區間,1,1,0.5,15,30,0,平日,尖峰,,0,0
2026-03-18,2026-03-18,224,0.375,2.0,16,傾斜式自強,0,0,0.9412,16,17,0,平日,離峰,0.0,0,0
2026-03-18,2026-03-18,2243,1.0769230769230769,4.0,13,區間,1,1,0.2708,13,48,0,平日,尖峰,,0,0
2026-03-18,2026-03-18,2244,0.75,3.0,24,區間,0,1,0.5,24,48,0,平日,離峰,,0,0
2026-03-18,2026-03-18,2246,0.0,0.0,4,區間,0,1,0.5714,4,7,0,平日,尖峰,0.0,0,0
2026-03-18,2026-03-18,2253,0.48148148148148145,2.0,27,區間,1,1,0.3649,27,74,0,平日,尖峰,,0,0
2026-03-18,2026-03-18,2254,0.4117647058823529,1.0,17,區間,0,1,0.2297,17,74,0,平日,尖峰,,0,0
2026-03-18,2026-03-18,2263,0.0,0.0,2,區間,1,1,0.0417,2,48,0,平日,離峰,,0,0
2026-03-18,2026-03-18,2264,0.5454545454545454,1.0,11,區間,0,1,0.2292,11,48,0,平日,尖峰,,0,0
2026-03-18,2026-03-18,2272,0.3333333333333333,1.0,6,區間,0,1,0.25,6,24,0,平日,尖峰,,0,0
2026-03-18,2026-03-18,2273,0.375,1.0,8,區間,1,1,0.1379,8,58,0,平日,尖峰,,0,0
2026-03-18,2026-03-18,2274,1.0,1.0,2,區間,0,1,0.0417,2,48,0,平日,尖峰,,0,0
2026-03-18,2026-03-18,228,0.38461538461538464,2.0,13,傾斜式自強,0,0,0.9286,13,14,0,平日,離峰,0.0,0,0
2026-03-18,2026-03-18,231,0.0,0.0,8,傾斜式自強,1,0,1.0,8,8,0,平日,離峰,0.0,0,0
2026-03-18,2026-03-18,232,0.0,0.0,12,自強,0,0,1.0,12,12,0,平日,離峰,0.0,0,0
2026-03-18,2026-03-18,235,0.25,2.0,8,傾斜式自強,1,0,0.4706,8,17,0,平日,尖峰,,0,0
2026-03-18,2026-03-18,241,0.0,0.0,2,自強,1,0,0.125,2,16,0,平日,離峰,,0,0
2026-03-18,2026-03-18,246,0.14285714285714285,1.0,7,自強,0,0,0.4667,7,15,0,平日,尖峰,,0,0
2026-03-18,2026-03-18,248,0.0,0.0,6,傾斜式自強,0,0,0.75,6,8,0,平日,尖峰,,0,0
2026-03-18,2026-03-18,2502,0.6666666666666666,1.0,3,區間,0,2,0.2,3,15,0,平日,深夜,1.0,0,0
2026-03-18,2026-03-18,2503,0.7,2.0,10,區間,1,2,0.4545,10,22,0,平日,深夜,0.0,0,0
2026-03-18,2026-03-18,2504,1.4,3.0,15,區間,0,2,0.5556,15,27,0,平日,深夜,3.0,0,0
2026-03-18,2026-03-18,2507,0.0625,1.0,16,區間,1,2,0.7273,16,22,0,平日,深夜,0.0,0,0
2026-03-18,2026-03-18,2511,0.05263157894736842,1.0,19,區間,1,2,0.8636,19,22,0,平日,尖峰,0.0,0,0
2026-03-18,2026-03-18,2512,0.21052631578947367,2.0,19,區間,0,2,0.8636,19,22,0,平日,尖峰,1.0,0,0
2026-03-18,2026-03-18,2513,0.42105263157894735,2.0,19,區間,1,2,0.8636,19,22,0,平日,尖峰,0.0,0,0
2026-03-18,2026-03-18,2514,0.05263157894736842,1.0,19,區間,0,2,0.8636,19,22,0,平日,尖峰,0.0,0,0
2026-03-18,2026-03-18,2517,2.1363636363636362,5.0,22,區間,1,2,0.8462,22,26,0,平日,尖峰,0.0,0,1
2026-03-18,2026-03-18,2518,0.9130434782608695,2.0,23,區間,0,2,0.8214,23,28,0,平日,尖峰,2.0,0,0
2026-03-18,2026-03-18,2521,1.3157894736842106,3.0,19,區間,1,2,0.8636,19,22,0,平日,離峰,2.0,0,0
2026-03-18,2026-03-18,2522,0.25,2.0,24,區間,0,2,0.8889,24,27,0,平日,離峰,0.0,0,0
2026-03-18,2026-03-18,2523,0.21052631578947367,1.0,19,區間,1,2,0.8636,19,22,0,平日,離峰,0.0,0,0
2026-03-18,2026-03-18,2524,1.1176470588235294,3.0,17,區間,0,2,0.9444,17,18,0,平日,離峰,1.0,0,0
2026-03-18,2026-03-18,2527,0.4117647058823529,2.0,17,區間,1,2,0.9444,17,18,0,平日,離峰,0.0,0,0
2026-03-18,2026-03-18,2528,0.8235294117647058,3.0,17,區間,0,2,0.9444,17,18,0,平日,離峰,0.0,0,0
2026-03-18,2026-03-18,2531,1.2352941176470589,7.0,17,區間,1,2,0.9444,17,18,0,平日,離峰,5.0,1,0
2026-03-18,2026-03-18,2532,0.35294117647058826,2.0,17,區間,0,2,0.9444,17,18,0,平日,離峰,0.0,0,0
2026-03-18,2026-03-18,2533,1.411764705882353,3.0,17,區間,1,2,0.9444,17,18,0,平日,離峰,0.0,0,0
2026-03-18,2026-03-18,2534,0.3684210526315789,1.0,19,區間,0,2,0.8636,19,22,0,平日,離峰,0.0,0,0
2026-03-18,2026-03-18,2535,2.2083333333333335,6.0,24,區間,1,2,0.8889,24,27,0,平日,離峰,2.0,0,1
2026-03-18,2026-03-18,2538,1.1666666666666667,3.0,24,區間,0,2,0.8889,24,27,0,平日,離峰,0.0,0,0
2026-03-18,2026-03-18,2539,3.3529411764705883,7.0,17,區間,1,2,0.9444,17,18,0,平日,離峰,2.0,0,1
2026-03-18,2026-03-18,2540,16.11764705882353,19.0,17,區間,0,2,0.9444,17,18,0,平日,離峰,15.0,1,1
2026-03-18,2026-03-18,2541,1.7619047619047619,4.0,21,區間,1,2,0.875,21,24,0,平日,離峰,0.0,0,0
2026-03-18,2026-03-18,2542,0.5238095238095238,2.0,21,區間,0,2,0.875,21,24,0,平日,離峰,0.0,0,0
2026-03-18,2026-03-18,2543,0.4583333333333333,2.0,24,區間,1,2,0.8889,24,27,0,平日,離峰,1.0,0,0
2026-03-18,2026-03-18,2544,1.5789473684210527,3.0,19,區間,0,2,0.8636,19,22,0,平日,離峰,0.0,0,0
2026-03-18,2026-03-18,2547,2.823529411764706,5.0,17,區間,1,2,0.7083,17,24,0,平日,尖峰,,0,1
2026-03-18,2026-03-18,2548,0.631578947368421,1.0,19,區間,0,2,0.8636,19,22,0,平日,離峰,1.0,0,0
2026-03-18,2026-03-18,2551,0.0,0.0,3,區間,1,2,0.1364,3,22,0,平日,尖峰,,0,0
2026-03-18,2026-03-18,2552,1.8421052631578947,5.0,19,區間,0,2,0.8636,19,22,0,平日,尖峰,0.0,0,0
2026-03-18,2026-03-18,2553,0.0,0.0,2,區間,1,2,0.0909,2,22,0,平日,離峰,,0,0
2026-03-18,2026-03-18,2554,3.0,5.0,10,區間,0,2,0.4167,10,24,0,平日,尖峰,,0,1
2026-03-18,2026-03-18,2600,0.2,1.0,10,區間,0,3,0.7692,10,13,0,平日,尖峰,0.0,0,0
2026-03-18,2026-03-18,2601,0.0,0.0,9,區間,1,3,0.45,9,20,0,平日,深夜,0.0,0,0
2026-03-18,2026-03-18,2602,0.47619047619047616,2.0,21,區間,0,3,0.7,21,30,0,平日,深夜,2.0,0,0
2026-03-18,2026-03-18,2603,0.5384615384615384,2.0,13,區間,1,3,0.65,13,20,0,平日,尖峰,0.0,0,0
2026-03-18,2026-03-18,2604,2.25,4.0,16,區間,0,3,0.6957,16,23,0,平日,尖峰,4.0,0,1
2026-03-18,2026-03-18,2606,0.6923076923076923,2.0,13,區間,0,3,0.8125,13,16,0,平日,離峰,1.0,0,0
2026-03-18,2026-03-18,2607,0.375,1.0,16,區間,1,3,0.6957,16,23,0,平日,尖峰,0.0,0,0
2026-03-18,2026-03-18,2608,1.75,4.0,16,區間,0,3,0.6957,16,23,0,平日,離峰,2.0,0,0
2026-03-18,2026-03-18,2609,0.4,1.0,10,區間,1,3,0.7692,10,13,0,平日,尖峰,1.0,0,0
2026-03-18,2026-03-18,2610,0.38461538461538464,2.0,13,區間,0,3,0.65,13,20,0,平日,離峰,1.0,0,0
2026-03-18,2026-03-18,2611,0.5,1.0,22,區間,1,3,0.7333,22,30,0,平日,尖峰,1.0,0,0
2026-03-18,2026-03-18,2612,0.46153846153846156,1.0,13,區間,0,3,0.65,13,20,0,平日,離峰,1.0,0,0
2026-03-18,2026-03-18,2613,2.0625,4.0,16,區間,1,3,0.6957,16,23,0,平日,離峰,3.0,0,1
2026-03-18,2026-03-18,2614,3.5625,7.0,16,區間,0,3,0.6957,16,23,0,平日,離峰,3.0,0,1
2026-03-18,2026-03-18,2615,0.3125,2.0,16,區間,1,3,0.6957,16,23,0,平日,離峰,0.0,0,0
2026-03-18,2026-03-18,2617,0.5625,2.0,16,區間,1,3,0.6957,16,23,0,平日,離峰,0.0,0,0
2026-03-18,2026-03-18,2618,1.7,4.0,10,區間,0,3,0.7692,10,13,0,平日,尖峰,2.0,0,0
2026-03-18,2026-03-18,2619,3.2941176470588234,8.0,17,區間,1,3,0.6538,17,26,0,平日,離峰,1.0,0,1
2026-03-18,2026-03-18,2621,0.6153846153846154,2.0,13,區間,1,3,0.65,13,20,0,平日,離峰,1.0,0,0
2026-03-18,2026-03-18,2622,1.55,4.0,20,區間,0,3,0.6897,20,29,0,平日,尖峰,3.0,0,0
2026-03-18,2026-03-18,2623,0.5,2.0,16,區間,1,3,0.6957,16,23,0,平日,離峰,0.0,0,0
2026-03-18,2026-03-18,2624,1.9285714285714286,3.0,14,區間,0,3,0.6087,14,23,0,平日,尖峰,,0,0
2026-03-18,2026-03-18,2627,0.15384615384615385,1.0,13,區間,1,3,0.65,13,20,0,平日,尖峰,0.0,0,0
2026-03-18,2026-03-18,2631,0.0,0.0,3,區間,1,3,0.1875,3,16,0,平日,尖峰,,0,0
2026-03-18,2026-03-18,2702,1.25,3.0,4,區間快,0,0,0.4444,4,9,0,平日,尖峰,0.0,0,0
2026-03-18,2026-03-18,2703,0.0,0.0,2,區間快,1,0,0.2,2,10,0,平日,深夜,,0,0
2026-03-18,2026-03-18,2707,0.2,1.0,5,區間快,1,0,0.5,5,10,0,平日,尖峰,,0,0
2026-03-18,2026-03-18,271,1.8571428571428572,5.0,14,傾斜式自強,1,1,1.0,14,14,0,平日,離峰,3.0,0,0
2026-03-18,2026-03-18,272,1.625,4.0,24,自強,0,1,0.9231,24,26,0,平日,深夜,0.0,0,0
2026-03-18,2026-03-18,273,2.2,7.0,10,傾斜式自強,1,1,1.0,10,10,0,平日,離峰,5.0,1,1
2026-03-18,2026-03-18,278,0.3684210526315789,2.0,19,自強,0,2,1.0,19,19,0,平日,尖峰,0.0,0,0
2026-03-18,2026-03-18,280,1.0714285714285714,2.0,14,自強,0,1,1.0,14,14,0,平日,尖峰,0.0,0,0
2026-03-18,2026-03-18,282,0.2,2.0,10,傾斜式自強,0,1,1.0,10,10,0,平日,離峰,0.0,0,0
2026-03-18,2026-03-18,283,0.25,1.0,8,自強,1,1,0.4444,8,18,0,平日,尖峰,,0,0
2026-03-18,2026-03-18,285,0.0,0.0,4,自強,1,2,0.2105,4,19,0,平日,尖峰,,0,0
2026-03-18,2026-03-18,288,0.2,1.0,5,傾斜式自強,0,1,0.3571,5,14,0,平日,尖峰,,0,0
2026-03-18,2026-03-18,3001,0.15384615384615385,1.0,13,區間快,1,0,0.8667,13,15,0,平日,深夜,0.0,0,0
2026-03-18,2026-03-18,3003,0.2631578947368421,2.0,19,區間快,1,0,1.0,19,19,0,平日,尖峰,0.0,0,0
2026-03-18,2026-03-18,3005,0.1875,3.0,32,區間快,1,1,1.0,32,32,0,平日,尖峰,0.0,0,0
2026-03-18,2026-03-18,3006,0.23076923076923078,1.0,13,區間快,0,0,0.9286,13,14,0,平日,尖峰,1.0,0,0
2026-03-18,2026-03-18,301,2.0,6.0,15,自強,1,0,1.0,15,15,0,平日,尖峰,1.0,0,1
2026-03-18,2026-03-18,3010,0.6,7.0,30,區間快,0,1,1.0,30,30,0,平日,離峰,3.0,0,0
2026-03-18,2026-03-18,3018,0.29411764705882354,3.0,17,區間快,0,0,1.0,17,17,0,平日,離峰,0.0,0,0
2026-03-18,2026-03-18,3021,0.5333333333333333,2.0,15,區間快,1,0,0.8824,15,17,0,平日,尖峰,,0,0
2026-03-18,2026-03-18,3023,0.68,2.0,25,區間快,1,0,0.8929,25,28,0,平日,離峰,1.0,0,0
2026-03-18,2026-03-18,3028,0.37142857142857144,4.0,35,區間快,0,0,1.0,35,35,0,平日,離峰,0.0,0,0
2026-03-18,2026-03-18,3029,0.20689655172413793,1.0,29,區間快,1,1,1.0,29,29,0,平日,離峰,0.0,0,0
2026-03-18,2026-03-18,3031,0.8333333333333334,2.0,6,區間快,1,0,0.3529,6,17,0,平日,尖峰,,0,0
2026-03-18,2026-03-18,3032,2.3076923076923075,4.0,13,區間快,0,0,1.0,13,13,0,平日,離峰,1.0,0,1
2026-03-18,2026-03-18,3035,1.2272727272727273,6.0,22,區間快,1,1,0.7097,22,31,0,平日,離峰,,0,0
2026-03-18,2026-03-18,3038,0.25,2.0,20,區間快,0,0,0.9524,20,21,0,平日,尖峰,0.0,0,0
2026-03-18,2026-03-18,304,0.125,1.0,16,自強,0,0,1.0,16,16,0,平日,尖峰,0.0,0,0
2026-03-18,2026-03-18,3051,0.5454545454545454,1.0,11,區間快,1,0,0.7857,11,14,0,平日,尖峰,1.0,0,0
2026-03-18,2026-03-18,3052,0.0,0.0,5,區間快,0,0,0.3571,5,14,0,平日,深夜,0.0,0,0
2026-03-18,2026-03-18,3053,0.09090909090909091,1.0,11,區間快,1,0,0.7857,11,14,0,平日,尖峰,0.0,0,0
2026-03-18,2026-03-18,3054,1.8181818181818181,4.0,11,區間快,0,0,0.7857,11,14,0,平日,尖峰,0.0,0,0
2026-03-18,2026-03-18,3057,0.18181818181818182,1.0,11,區間快,1,0,0.7857,11,14,0,平日,離峰,0.0,0,0
2026-03-18,2026-03-18,3058,0.36363636363636365,1.0,11,區間快,0,0,0.7857,11,14,0,平日,尖峰,0.0,0,0
2026-03-18,2026-03-18,306,0.56,3.0,25,自強,0,0,1.0,25,25,0,平日,尖峰,0.0,0,0
2026-03-18,2026-03-18,3061,0.5833333333333334,2.0,12,區間快,1,0,0.5455,12,22,0,平日,離峰,2.0,0,0
2026-03-18,2026-03-18,3062,0.9090909090909091,2.0,11,區間快,0,0,0.7857,11,14,0,平日,尖峰,0.0,0,0
2026-03-18,2026-03-18,3063,0.0,0.0,11,區間快,1,0,0.7857,11,14,0,平日,離峰,0.0,0,0
2026-03-18,2026-03-18,3064,0.0,0.0,11,區間快,0,0,0.7857,11,14,0,平日,離峰,0.0,0,0
2026-03-18,2026-03-18,3067,0.5454545454545454,3.0,11,區間快,1,0,0.7857,11,14,0,平日,離峰,0.0,0,0
2026-03-18,2026-03-18,3071,0.6666666666666666,3.0,12,區間快,1,0,0.5455,12,22,0,平日,離峰,2.0,0,0
2026-03-18,2026-03-18,3072,0.36363636363636365,1.0,11,區間快,0,0,0.7857,11,14,0,平日,離峰,0.0,0,0
2026-03-18,2026-03-18,3073,0.45454545454545453,3.0,11,區間快,1,0,0.7857,11,14,0,平日,離峰,1.0,0,0
2026-03-18,2026-03-18,3074,0.16666666666666666,1.0,12,區間快,0,0,0.5455,12,22,0,平日,離峰,0.0,0,0
2026-03-18,2026-03-18,3078,0.08333333333333333,1.0,12,區間快,0,0,0.5455,12,22,0,平日,離峰,0.0,0,0
2026-03-18,2026-03-18,308,0.72,3.0,25,自強,0,0,1.0,25,25,0,平日,離峰,0.0,0,0
2026-03-18,2026-03-18,3082,1.3333333333333333,2.0,12,區間快,0,0,0.5455,12,22,0,平日,尖峰,2.0,0,0
2026-03-18,2026-03-18,3111,0.0,0.0,10,區間,1,0,0.3448,10,29,0,平日,深夜,0.0,0,0
2026-03-18,2026-03-18,3116,0.0,0.0,7,區間,0,0,0.4667,7,15,0,平日,深夜,,0,0
2026-03-18,2026-03-18,3117,0.3333333333333333,2.0,15,區間,1,0,0.3846,15,39,0,平日,深夜,0.0,0,0
2026-03-18,2026-03-18,3118,0.3333333333333333,2.0,30,區間,0,1,0.5,30,60,0,平日,深夜,1.0,0,0
2026-03-18,2026-03-18,3121,1.1666666666666667,5.0,18,區間,1,0,0.4186,18,43,0,平日,深夜,0.0,0,0
2026-03-18,2026-03-18,3122,0.13333333333333333,1.0,15,區間,0,0,0.3947,15,38,0,平日,深夜,,0,0
2026-03-18,2026-03-18,3127,3.1363636363636362,15.0,22,區間,1,0,0.5116,22,43,0,平日,深夜,1.0,0,1
2026-03-18,2026-03-18,3128,0.2631578947368421,2.0,38,區間,0,1,0.5205,38,73,0,平日,深夜,0.0,0,0
2026-03-18,2026-03-18,313,0.0625,1.0,16,自強,1,0,1.0,16,16,0,平日,離峰,0.0,0,0
2026-03-18,2026-03-18,3131,0.08,1.0,25,區間,1,0,0.4808,25,52,0,平日,深夜,0.0,0,0
2026-03-18,2026-03-18,3132,0.6153846153846154,2.0,52,區間,0,1,0.5778,52,90,0,平日,深夜,0.0,0,0
2026-03-18,2026-03-18,3137,0.20689655172413793,1.0,29,區間,1,0,0.4915,29,59,0,平日,深夜,0.0,0,0
2026-03-18,2026-03-18,3138,1.4651162790697674,10.0,43,區間,0,1,0.589,43,73,0,平日,深夜,0.0,0,0
2026-03-18,2026-03-18,314,0.1111111111111111,1.0,9,自強,0,0,1.0,9,9,0,平日,離峰,0.0,0,0
2026-03-18,2026-03-18,3140,0.25,1.0,8,區間,0,0,0.4,8,20,0,平日,尖峰,0.0,0,0
2026-03-18,2026-03-18,3141,0.037037037037037035,1.0,27,區間,1,0,0.587,27,46,0,平日,尖峰,0.0,0,0
2026-03-18,2026-03-18,3142,2.84,5.0,25,區間,0,0,0.5814,25,43,0,平日,尖峰,,0,1
2026-03-18,2026-03-18,3143,0.1,1.0,10,區間,1,0,0.5882,10,17,0,平日,尖峰,0.0,0,0
2026-03-18,2026-03-18,3145,0.0,0.0,6,區間,1,0,0.4,6,15,0,平日,離峰,0.0,0,0
2026-03-18,2026-03-18,3147,0.15384615384615385,1.0,39,區間,1,1,0.5342,39,73,0,平日,深夜,0.0,0,0
2026-03-18,2026-03-18,3148,0.36363636363636365,2.0,44,區間,0,1,0.6027,44,73,0,平日,尖峰,0.0,0,0
2026-03-18,2026-03-18,3151,0.52,2.0,25,區間,1,0,0.5814,25,43,0,平日,尖峰,0.0,0,0
2026-03-18,2026-03-18,3152,0.12,1.0,25,區間,0,0,0.5814,25,43,0,平日,尖峰,,0,0
2026-03-18,2026-03-18,3157,0.30434782608695654,2.0,46,區間,1,1,0.5412,46,85,0,平日,深夜,0.0,0,0
2026-03-18,2026-03-18,3158,0.36363636363636365,3.0,44,區間,0,1,0.6027,44,73,0,平日,尖峰,1.0,0,0
2026-03-18,2026-03-18,3161,0.24,2.0,25,區間,1,0,0.5814,25,43,0,平日,離峰,0.0,0,0
2026-03-18,2026-03-18,3162,0.16,2.0,25,區間,0,0,0.5814,25,43,0,平日,尖峰,,0,0
2026-03-18,2026-03-18,3165,1.0,2.0,8,區間,1,0,0.4,8,20,0,平日,離峰,1.0,0,0
2026-03-18,2026-03-18,3167,0.6744186046511628,2.0,43,區間,1,1,0.589,43,73,0,平日,尖峰,0.0,0,0
2026-03-18,2026-03-18,3168,0.3409090909090909,2.0,44,區間,0,1,0.6027,44,73,0,平日,尖峰,0.0,0,0
2026-03-18,2026-03-18,317,0.3,2.0,20,自強,1,0,0.8333,20,24,0,平日,離峰,,0,0
2026-03-18,2026-03-18,3171,0.8,3.0,25,區間,1,0,0.5814,25,43,0,平日,離峰,0.0,0,0
2026-03-18,2026-03-18,3172,0.32,2.0,25,區間,0,0,0.5814,25,43,0,平日,離峰,,0,0
2026-03-18,2026-03-18,3177,0.4222222222222222,5.0,45,區間,1,1,0.5921,45,76,0,平日,尖峰,0.0,0,0
2026-03-18,2026-03-18,3178,1.3863636363636365,10.0,44,區間,0,1,0.6027,44,73,0,平日,離峰,1.0,0,0
2026-03-18,2026-03-18,3180,0.6666666666666666,1.0,6,區間,0,0,0.4,6,15,0,平日,離峰,1.0,0,0
2026-03-18,2026-03-18,3181,4.2,11.0,25,區間,1,0,0.5814,25,43,0,平日,離峰,1.0,0,1
2026-03-18,2026-03-18,3187,0.8181818181818182,9.0,44,區間,1,1,0.5867,44,75,0,平日,離峰,0.0,0,0
2026-03-18,2026-03-18,3188,0.18181818181818182,1.0,44,區間,0,1,0.6027,44,73,0,平日,離峰,0.0,0,0
2026-03-18,2026-03-18,3191,0.2,2.0,25,區間,1,0,0.5814,25,43,0,平日,離峰,0.0,0,0
2026-03-18,2026-03-18,3192,0.5,1.0,30,區間,0,0,0.6122,30,49,0,平日,離峰,0.0,0,0
2026-03-18,2026-03-18,3197,0.46511627906976744,2.0,43,區間,1,1,0.589,43,73,0,平日,離峰,0.0,0,0
2026-03-18,2026-03-18,3198,0.022727272727272728,1.0,44,區間,0,1,0.6027,44,73,0,平日,離峰,0.0,0,0
2026-03-18,2026-03-18,3201,0.04,1.0,25,區間,1,0,0.5814,25,43,0,平日,離峰,0.0,0,0
2026-03-18,2026-03-18,3202,0.08,1.0,25,區間,0,0,0.5814,25,43,0,平日,離峰,,0,0
2026-03-18,2026-03-18,3207,0.04878048780487805,1.0,41,區間,1,1,0.6029,41,68,0,平日,離峰,0.0,0,0
2026-03-18,2026-03-18,3208,0.6818181818181818,3.0,44,區間,0,1,0.6027,44,73,0,平日,離峰,3.0,0,0
2026-03-18,2026-03-18,3211,0.04,1.0,25,區間,1,0,0.5814,25,43,0,平日,離峰,0.0,0,0
2026-03-18,2026-03-18,3212,0.04,1.0,25,區間,0,0,0.5814,25,43,0,平日,離峰,,0,0
2026-03-18,2026-03-18,3217,0.32558139534883723,3.0,43,區間,1,1,0.589,43,73,0,平日,離峰,0.0,0,0
2026-03-18,2026-03-18,3218,0.22727272727272727,2.0,44,區間,0,1,0.6027,44,73,0,平日,離峰,0.0,0,0
2026-03-18,2026-03-18,3221,1.96,11.0,25,區間,1,0,0.5814,25,43,0,平日,離峰,11.0,1,0
2026-03-18,2026-03-18,3222,0.24,1.0,25,區間,0,0,0.5814,25,43,0,平日,離峰,,0,0
2026-03-18,2026-03-18,3227,1.255813953488372,4.0,43,區間,1,1,0.589,43,73,0,平日,離峰,1.0,0,0
2026-03-18,2026-03-18,3228,0.717948717948718,4.0,39,區間,0,1,0.5342,39,73,0,平日,離峰,,0,0
2026-03-18,2026-03-18,3229,0.6666666666666666,1.0,6,區間,1,0,0.4,6,15,0,平日,尖峰,1.0,0,0
2026-03-18,2026-03-18,323,0.0,0.0,9,自強,1,0,0.375,9,24,0,平日,尖峰,,0,0
2026-03-18,2026-03-18,3231,0.6896551724137931,3.0,29,區間,1,0,0.5918,29,49,0,平日,離峰,0.0,0,0
2026-03-18,2026-03-18,3232,0.28,1.0,25,區間,0,0,0.5814,25,43,0,平日,離峰,,0,0
2026-03-18,2026-03-18,3237,0.6904761904761905,4.0,42,區間,1,1,0.5753,42,73,0,平日,離峰,,0,0
2026-03-18,2026-03-18,3238,0.09375,1.0,32,區間,0,1,0.4384,32,73,0,平日,離峰,,0,0
2026-03-18,2026-03-18,324,0.2,1.0,10,自強,0,0,0.8333,10,12,0,平日,離峰,,0,0
2026-03-18,2026-03-18,3241,0.3181818181818182,2.0,22,區間,1,0,0.5116,22,43,0,平日,尖峰,,0,0
2026-03-18,2026-03-18,3242,0.8518518518518519,3.0,27,區間,0,0,0.6,27,45,0,平日,離峰,0.0,0,0
2026-03-18,2026-03-18,3247,4.885714285714286,22.0,35,區間,1,1,0.4795,35,73,0,平日,離峰,,0,1
2026-03-18,2026-03-18,3248,0.47619047619047616,2.0,21,區間,0,1,0.2625,21,80,0,平日,尖峰,,0,0
2026-03-18,2026-03-18,3250,0.75,2.0,8,區間,0,0,0.4,8,20,0,平日,離峰,2.0,0,0
2026-03-18,2026-03-18,3251,2.5,7.0,12,區間,1,0,0.2791,12,43,0,平日,尖峰,,0,1
2026-03-18,2026-03-18,3252,1.0526315789473684,4.0,19,區間,0,1,0.2235,19,85,0,平日,尖峰,,0,0
2026-03-18,2026-03-18,3257,2.076923076923077,5.0,26,區間,1,1,0.3562,26,73,0,平日,離峰,,0,1
2026-03-18,2026-03-18,3258,0.8,2.0,15,區間,0,0,0.2885,15,52,0,平日,尖峰,,0,0
2026-03-18,2026-03-18,3261,0.42857142857142855,1.0,7,區間,1,0,0.1628,7,43,0,平日,尖峰,,0,0
2026-03-18,2026-03-18,3262,0.09090909090909091,1.0,11,區間,0,1,0.1507,11,73,0,平日,尖峰,,0,0
2026-03-18,2026-03-18,3266,0.0,0.0,6,區間,0,0,0.2069,6,29,0,平日,尖峰,,0,0
2026-03-18,2026-03-18,3267,0.09523809523809523,1.0,21,區間,1,1,0.2877,21,73,0,平日,尖峰,,0,0
2026-03-18,2026-03-18,3268,0.0,0.0,6,區間,0,0,0.1017,6,59,0,平日,尖峰,,0,0
2026-03-18,2026-03-18,3272,0.0,0.0,2,區間,0,0,0.0408,2,49,0,平日,尖峰,,0,0
2026-03-18,2026-03-18,3277,3.6470588235294117,7.0,17,區間,1,1,0.2329,17,73,0,平日,尖峰,,0,1
2026-03-18,2026-03-18,3287,2.0,2.0,7,區間,1,1,0.1029,7,68,0,平日,尖峰,,0,1
2026-03-18,2026-03-18,3297,0.0,0.0,2,區間,1,1,0.0444,2,45,0,平日,離峰,,0,0
2026-03-18,2026-03-18,3301,0.0,0.0,2,區間,1,0,0.25,2,8,0,平日,深夜,0.0,0,0
2026-03-18,2026-03-18,3303,0.5,3.0,6,區間,1,0,0.6667,6,9,0,平日,深夜,0.0,0,0
2026-03-18,2026-03-18,3305,0.5555555555555556,1.0,9,區間,1,0,0.3333,9,27,0,平日,深夜,1.0,0,0
2026-03-18,2026-03-18,3310,0.0,0.0,13,區間,0,0,0.4643,13,28,0,平日,尖峰,0.0,0,0
2026-03-18,2026-03-18,3311,0.08333333333333333,1.0,12,區間,1,0,0.4444,12,27,0,平日,尖峰,0.0,0,0
2026-03-18,2026-03-18,3316,0.4,1.0,5,區間,0,0,0.625,5,8,0,平日,離峰,1.0,0,0
2026-03-18,2026-03-18,3320,0.25,2.0,12,區間,0,0,0.4444,12,27,0,平日,離峰,0.0,0,0
2026-03-18,2026-03-18,3323,1.4,2.0,5,區間,1,0,0.625,5,8,0,平日,離峰,2.0,0,0
2026-03-18,2026-03-18,3328,0.08333333333333333,1.0,12,區間,0,0,0.4444,12,27,0,平日,離峰,0.0,0,0
2026-03-18,2026-03-18,3329,0.2,1.0,5,區間,1,0,0.625,5,8,0,平日,尖峰,0.0,0,0
2026-03-18,2026-03-18,3331,0.5833333333333334,2.0,12,區間,1,0,0.4444,12,27,0,平日,離峰,2.0,0,0
2026-03-18,2026-03-18,3334,0.4166666666666667,2.0,12,區間,0,0,0.4444,12,27,0,平日,尖峰,1.0,0,0
2026-03-18,2026-03-18,3335,0.125,1.0,8,區間,1,0,0.2963,8,27,0,平日,尖峰,,0,0
2026-03-18,2026-03-18,3338,0.0,0.0,5,區間,0,0,0.625,5,8,0,平日,尖峰,0.0,0,0
2026-03-18,2026-03-18,3340,0.0,0.0,2,區間,0,0,0.25,2,8,0,平日,離峰,,0,0
2026-03-18,2026-03-18,3702,0.0,0.0,4,區間,0,0,0.6667,4,6,0,平日,尖峰,0.0,0,0
2026-03-18,2026-03-18,3703,0.25,1.0,4,區間,1,0,0.6667,4,6,0,平日,深夜,0.0,0,0
2026-03-18,2026-03-18,3704,0.14285714285714285,1.0,7,區間,0,0,0.6364,7,11,0,平日,尖峰,0.0,0,0
2026-03-18,2026-03-18,3705,3.75,8.0,8,區間,1,0,0.4,8,20,0,平日,深夜,8.0,1,1
2026-03-18,2026-03-18,3706,0.7142857142857143,2.0,7,區間,0,0,0.6364,7,11,0,平日,尖峰,0.0,0,0
2026-03-18,2026-03-18,3707,0.0,0.0,4,區間,1,0,0.6667,4,6,0,平日,尖峰,0.0,0,0
2026-03-18,2026-03-18,3708,0.2857142857142857,1.0,7,區間,0,0,0.6364,7,11,0,平日,尖峰,0.0,0,0
2026-03-18,2026-03-18,3709,0.3076923076923077,1.0,13,區間,1,0,0.65,13,20,0,平日,尖峰,0.0,0,0
2026-03-18,2026-03-18,371,0.47368421052631576,2.0,19,自強,1,1,1.0,19,19,0,平日,尖峰,1.0,0,0
2026-03-18,2026-03-18,3711,1.1428571428571428,2.0,7,區間,1,0,0.6364,7,11,0,平日,尖峰,0.0,0,0
2026-03-18,2026-03-18,3712,0.14285714285714285,1.0,7,區間,0,0,0.6364,7,11,0,平日,尖峰,0.0,0,0
2026-03-18,2026-03-18,3713,0.42857142857142855,1.0,7,區間,1,0,0.6364,7,11,0,平日,尖峰,0.0,0,0
2026-03-18,2026-03-18,3714,0.0,0.0,4,區間,0,0,0.6667,4,6,0,平日,尖峰,0.0,0,0
2026-03-18,2026-03-18,3715,0.0,0.0,7,區間,1,0,0.6364,7,11,0,平日,尖峰,0.0,0,0
2026-03-18,2026-03-18,3716,0.7142857142857143,1.0,7,區間,0,0,0.6364,7,11,0,平日,離峰,1.0,0,0
2026-03-18,2026-03-18,3717,0.0,0.0,4,區間,1,0,0.6667,4,6,0,平日,離峰,0.0,0,0
2026-03-18,2026-03-18,3718,0.25,1.0,4,區間,0,0,0.6667,4,6,0,平日,離峰,0.0,0,0
2026-03-18,2026-03-18,372,0.1,1.0,20,自強,0,1,1.0,20,20,0,平日,離峰,0.0,0,0
2026-03-18,2026-03-18,3721,0.0,0.0,7,區間,1,0,0.6364,7,11,0,平日,離峰,0.0,0,0
2026-03-18,2026-03-18,3722,0.0,0.0,5,區間,0,0,0.625,5,8,0,平日,離峰,0.0,0,0
2026-03-18,2026-03-18,3723,0.0,0.0,4,區間,1,0,0.6667,4,6,0,平日,離峰,0.0,0,0
2026-03-18,2026-03-18,3724,0.4,1.0,5,區間,0,0,0.625,5,8,0,平日,離峰,0.0,0,0
2026-03-18,2026-03-18,3725,0.14285714285714285,1.0,7,區間,1,0,0.6364,7,11,0,平日,離峰,0.0,0,0
2026-03-18,2026-03-18,3726,0.2857142857142857,1.0,7,區間,0,0,0.6364,7,11,0,平日,離峰,1.0,0,0
2026-03-18,2026-03-18,3727,1.0,1.0,4,區間,1,0,0.6667,4,6,0,平日,離峰,1.0,0,0
2026-03-18,2026-03-18,3728,0.25,1.0,4,區間,0,0,0.6667,4,6,0,平日,離峰,0.0,0,0
2026-03-18,2026-03-18,3731,0.0,0.0,5,區間,1,0,0.625,5,8,0,平日,離峰,0.0,0,0
2026-03-18,2026-03-18,3732,0.0,0.0,4,區間,0,0,0.6667,4,6,0,平日,離峰,0.0,0,0
2026-03-18,2026-03-18,3733,0.0,0.0,4,區間,1,0,0.6667,4,6,0,平日,離峰,0.0,0,0
2026-03-18,2026-03-18,3734,0.2857142857142857,1.0,7,區間,0,0,0.6364,7,11,0,平日,離峰,1.0,0,0
2026-03-18,2026-03-18,3735,0.14285714285714285,1.0,7,區間,1,0,0.6364,7,11,0,平日,離峰,0.0,0,0
2026-03-18,2026-03-18,3736,0.25,1.0,4,區間,0,0,0.6667,4,6,0,平日,離峰,0.0,0,0
2026-03-18,2026-03-18,3737,0.0,0.0,4,區間,1,0,0.6667,4,6,0,平日,離峰,0.0,0,0
2026-03-18,2026-03-18,3738,0.0,0.0,5,區間,0,0,0.625,5,8,0,平日,離峰,0.0,0,0
2026-03-18,2026-03-18,3741,0.0,0.0,4,區間,1,0,0.6667,4,6,0,平日,離峰,0.0,0,0
2026-03-18,2026-03-18,3742,0.2857142857142857,1.0,7,區間,0,0,0.6364,7,11,0,平日,離峰,1.0,0,0
2026-03-18,2026-03-18,3743,0.0,0.0,7,區間,1,0,0.6364,7,11,0,平日,離峰,0.0,0,0
2026-03-18,2026-03-18,3744,0.0,0.0,4,區間,0,0,0.6667,4,6,0,平日,離峰,0.0,0,0
2026-03-18,2026-03-18,3745,0.8,2.0,5,區間,1,0,0.625,5,8,0,平日,離峰,1.0,0,0
2026-03-18,2026-03-18,3746,0.0,0.0,5,區間,0,0,0.625,5,8,0,平日,離峰,0.0,0,0
2026-03-18,2026-03-18,3747,0.0,0.0,4,區間,1,0,0.6667,4,6,0,平日,離峰,0.0,0,0
2026-03-18,2026-03-18,3748,0.7142857142857143,2.0,7,區間,0,0,0.6364,7,11,0,平日,離峰,1.0,0,0
2026-03-18,2026-03-18,3751,0.14285714285714285,1.0,7,區間,1,0,0.6364,7,11,0,平日,離峰,0.0,0,0
2026-03-18,2026-03-18,3752,0.4,1.0,5,區間,0,0,0.625,5,8,0,平日,離峰,0.0,0,0
2026-03-18,2026-03-18,3753,0.6,1.0,5,區間,1,0,0.625,5,8,0,平日,離峰,1.0,0,0
2026-03-18,2026-03-18,3754,0.42857142857142855,1.0,7,區間,0,0,0.6364,7,11,0,平日,離峰,1.0,0,0
2026-03-18,2026-03-18,3755,0.2,1.0,5,區間,1,0,0.625,5,8,0,平日,離峰,0.0,0,0
2026-03-18,2026-03-18,3756,0.75,1.0,4,區間,0,0,0.6667,4,6,0,平日,尖峰,1.0,0,0
2026-03-18,2026-03-18,3757,0.7142857142857143,2.0,7,區間,1,0,0.6364,7,11,0,平日,尖峰,0.0,0,0
2026-03-18,2026-03-18,3758,0.2,1.0,5,區間,0,0,0.625,5,8,0,平日,尖峰,0.0,0,0
2026-03-18,2026-03-18,3760,2.142857142857143,4.0,7,區間,0,0,0.6364,7,11,0,平日,尖峰,3.0,0,1
2026-03-18,2026-03-18,3761,0.0,0.0,4,區間,1,0,0.6667,4,6,0,平日,尖峰,0.0,0,0
2026-03-18,2026-03-18,3762,0.75,1.0,4,區間,0,0,0.6667,4,6,0,平日,尖峰,1.0,0,0
2026-03-18,2026-03-18,3764,0.42857142857142855,1.0,7,區間,0,0,0.6364,7,11,0,平日,尖峰,1.0,0,0
2026-03-18,2026-03-18,3765,0.2,1.0,5,區間,1,0,0.625,5,8,0,平日,尖峰,0.0,0,0
2026-03-18,2026-03-18,3766,0.25,1.0,4,區間,0,0,0.6667,4,6,0,平日,尖峰,0.0,0,0
2026-03-18,2026-03-18,3767,0.0,0.0,4,區間,1,0,0.6667,4,6,0,平日,尖峰,0.0,0,0
2026-03-18,2026-03-18,3768,0.0,0.0,2,區間,0,0,0.1818,2,11,0,平日,尖峰,,0,0
2026-03-18,2026-03-18,3771,0.0,0.0,4,區間,1,0,0.3636,4,11,0,平日,尖峰,,0,0
2026-03-18,2026-03-18,3772,0.0,0.0,2,區間,0,0,0.3333,2,6,0,平日,離峰,,0,0
2026-03-18,2026-03-18,3773,0.0,0.0,2,區間,1,0,0.3333,2,6,0,平日,離峰,,0,0
2026-03-18,2026-03-18,3802,0.2,1.0,5,區間快,0,0,0.8333,5,6,0,平日,尖峰,0.0,0,0
2026-03-18,2026-03-18,385,3.375,6.0,8,自強,1,1,0.4,8,20,0,平日,尖峰,,0,1
2026-03-18,2026-03-18,386,0.6363636363636364,2.0,11,自強,0,1,0.6111,11,18,0,平日,尖峰,,0,0
2026-03-18,2026-03-18,3861,0.2,1.0,5,區間快,1,0,0.8333,5,6,0,平日,尖峰,0.0,0,0
2026-03-18,2026-03-18,3863,0.0,0.0,5,區間快,1,0,0.8333,5,6,0,平日,尖峰,0.0,0,0
2026-03-18,2026-03-18,4003,0.21428571428571427,2.0,14,區間快,1,0,0.7,14,20,0,平日,尖峰,0.0,0,0
2026-03-18,2026-03-18,4006,0.4117647058823529,2.0,17,區間快,0,0,0.8947,17,19,0,平日,深夜,1.0,0,0
2026-03-18,2026-03-18,4007,0.10526315789473684,1.0,19,區間快,1,0,0.9048,19,21,0,平日,尖峰,0.0,0,0
2026-03-18,2026-03-18,401,0.16666666666666666,1.0,6,傾斜式自強,1,0,0.6,6,10,0,平日,深夜,0.0,0,0
2026-03-18,2026-03-18,4013,0.17857142857142858,1.0,28,區間快,1,0,0.9655,28,29,0,平日,尖峰,0.0,0,0
2026-03-18,2026-03-18,4015,0.8,3.0,10,區間快,1,0,1.0,10,10,0,平日,尖峰,3.0,0,0
2026-03-18,2026-03-18,4017,0.1111111111111111,1.0,9,區間快,1,0,0.9,9,10,0,平日,離峰,0.0,0,0
2026-03-18,2026-03-18,4019,0.2,1.0,20,區間快,1,0,0.9524,20,21,0,平日,離峰,0.0,0,0
2026-03-18,2026-03-18,402,0.36363636363636365,2.0,11,傾斜式自強,0,0,0.8462,11,13,0,平日,尖峰,0.0,0,0
2026-03-18,2026-03-18,4022,1.1428571428571428,2.0,14,區間快,0,0,0.9333,14,15,0,平日,尖峰,2.0,0,0
2026-03-18,2026-03-18,4023,0.125,1.0,8,區間快,1,0,1.0,8,8,0,平日,離峰,0.0,0,0
2026-03-18,2026-03-18,4026,0.18181818181818182,2.0,22,區間快,0,0,1.0,22,22,0,平日,離峰,0.0,0,0
2026-03-18,2026-03-18,4027,0.14285714285714285,2.0,21,區間快,1,0,0.9545,21,22,0,平日,離峰,0.0,0,0
2026-03-18,2026-03-18,4030,0.043478260869565216,1.0,23,區間快,0,0,0.9583,23,24,0,平日,離峰,0.0,0,0
2026-03-18,2026-03-18,4031,0.0,0.0,3,區間快,1,0,1.0,3,3,0,平日,離峰,0.0,0,0
2026-03-18,2026-03-18,4032,0.043478260869565216,1.0,23,區間快,0,0,1.0,23,23,0,平日,離峰,0.0,0,0
2026-03-18,2026-03-18,4033,0.9090909090909091,4.0,11,區間快,1,0,1.0,11,11,0,平日,離峰,0.0,0,0
2026-03-18,2026-03-18,4037,0.0,0.0,6,區間快,1,0,0.2143,6,28,0,平日,尖峰,,0,0
2026-03-18,2026-03-18,4040,0.3333333333333333,1.0,3,區間快,0,0,1.0,3,3,0,平日,尖峰,0.0,0,0
2026-03-18,2026-03-18,4042,0.0,0.0,6,區間快,0,0,0.5,6,12,0,平日,尖峰,,0,0
2026-03-18,2026-03-18,4044,0.1,1.0,10,區間快,0,0,0.9091,10,11,0,平日,尖峰,0.0,0,0
2026-03-18,2026-03-18,4046,0.3157894736842105,1.0,19,區間快,0,0,0.5429,19,35,0,平日,尖峰,,0,0
2026-03-18,2026-03-18,4048,0.0,0.0,2,區間快,0,0,0.0909,2,22,0,平日,尖峰,,0,0
2026-03-18,2026-03-18,406,0.8571428571428571,4.0,21,自強,0,0,1.0,21,21,0,平日,尖峰,0.0,0,0
2026-03-18,2026-03-18,407,0.2,1.0,20,自強,1,0,1.0,20,20,0,平日,尖峰,0.0,0,0
2026-03-18,2026-03-18,408,0.2857142857142857,1.0,7,自強,0,0,1.0,7,7,0,平日,尖峰,0.0,0,0
2026-03-18,2026-03-18,410,0.7142857142857143,3.0,14,自強,0,0,1.0,14,14,0,平日,尖峰,1.0,0,0
2026-03-18,2026-03-18,4102,0.0,0.0,9,區間,0,0,0.5,9,18,0,平日,深夜,0.0,0,0
2026-03-18,2026-03-18,4103,1.4,3.0,20,區間,1,0,0.4545,20,44,0,平日,深夜,0.0,0,0
2026-03-18,2026-03-18,4106,0.0,0.0,6,區間,0,0,0.5455,6,11,0,平日,深夜,0.0,0,0
2026-03-18,2026-03-18,4107,0.0,0.0,15,區間,1,0,0.4286,15,35,0,平日,深夜,0.0,0,0
2026-03-18,2026-03-18,411,0.2608695652173913,1.0,23,自強,1,0,0.7931,23,29,0,平日,尖峰,0.0,0,0
2026-03-18,2026-03-18,4111,0.2,2.0,20,區間,1,0,0.5,20,40,0,平日,深夜,0.0,0,0
2026-03-18,2026-03-18,4112,0.0,0.0,11,區間,0,0,0.4074,11,27,0,平日,深夜,0.0,0,0
2026-03-18,2026-03-18,4113,0.34615384615384615,1.0,26,區間,1,0,0.6842,26,38,0,平日,深夜,1.0,0,0
2026-03-18,2026-03-18,4114,0.058823529411764705,1.0,17,區間,0,0,0.9444,17,18,0,平日,尖峰,0.0,0,0
2026-03-18,2026-03-18,4117,0.36363636363636365,1.0,11,區間,1,0,0.5,11,22,0,平日,深夜,1.0,0,0
2026-03-18,2026-03-18,4118,0.0,0.0,15,區間,0,0,0.5556,15,27,0,平日,深夜,0.0,0,0
2026-03-18,2026-03-18,4119,0.18181818181818182,1.0,11,區間,1,0,0.6875,11,16,0,平日,尖峰,0.0,0,0
2026-03-18,2026-03-18,4122,0.0,0.0,7,區間,0,0,1.0,7,7,0,平日,尖峰,0.0,0,0
2026-03-18,2026-03-18,4123,0.037037037037037035,1.0,27,區間,1,0,0.7105,27,38,0,平日,尖峰,0.0,0,0
2026-03-18,2026-03-18,4124,1.25,3.0,20,區間,0,0,0.9091,20,22,0,平日,尖峰,0.0,0,0
2026-03-18,2026-03-18,4127,0.17647058823529413,1.0,17,區間,1,0,0.7391,17,23,0,平日,尖峰,0.0,0,0
2026-03-18,2026-03-18,4128,0.3684210526315789,3.0,19,區間,0,0,0.5,19,38,0,平日,深夜,0.0,0,0
2026-03-18,2026-03-18,4129,0.2222222222222222,1.0,9,區間,1,0,0.8182,9,11,0,平日,尖峰,0.0,0,0
2026-03-18,2026-03-18,4131,0.0,0.0,11,區間,1,0,0.6875,11,16,0,平日,離峰,0.0,0,0
2026-03-18,2026-03-18,4133,0.0,0.0,17,區間,1,0,0.9444,17,18,0,平日,尖峰,0.0,0,0
2026-03-18,2026-03-18,4135,0.4375,2.0,16,區間,1,0,0.7273,16,22,0,平日,離峰,0.0,0,0
2026-03-18,2026-03-18,4137,0.037037037037037035,1.0,27,區間,1,0,0.7105,27,38,0,平日,尖峰,0.0,0,0
2026-03-18,2026-03-18,4138,0.4230769230769231,2.0,26,區間,0,0,0.5778,26,45,0,平日,深夜,0.0,0,0
2026-03-18,2026-03-18,4142,0.1111111111111111,1.0,9,區間,0,0,0.8182,9,11,0,平日,尖峰,0.0,0,0
2026-03-18,2026-03-18,4144,0.2727272727272727,1.0,11,區間,0,0,0.6875,11,16,0,平日,尖峰,0.0,0,0
2026-03-18,2026-03-18,4146,0.0,0.0,17,區間,0,0,0.9444,17,18,0,平日,離峰,0.0,0,0
2026-03-18,2026-03-18,4148,0.78125,6.0,32,區間,0,0,0.7111,32,45,0,平日,尖峰,1.0,0,0
2026-03-18,2026-03-18,415,0.8571428571428571,2.0,21,自強,1,0,0.9545,21,22,0,平日,尖峰,0.0,0,0
2026-03-18,2026-03-18,4151,0.37037037037037035,2.0,27,區間,1,0,0.7105,27,38,0,平日,離峰,0.0,0,0
2026-03-18,2026-03-18,4152,0.08695652173913043,1.0,23,區間,0,0,0.7419,23,31,0,平日,尖峰,0.0,0,0
2026-03-18,2026-03-18,4154,0.0,0.0,20,區間,0,0,0.7143,20,28,0,平日,尖峰,0.0,0,0
2026-03-18,2026-03-18,4156,0.11764705882352941,1.0,17,區間,0,0,0.7391,17,23,0,平日,離峰,0.0,0,0
2026-03-18,2026-03-18,4161,0.23529411764705882,1.0,17,區間,1,0,0.9444,17,18,0,平日,離峰,0.0,0,0
2026-03-18,2026-03-18,4162,0.14814814814814814,1.0,27,區間,0,0,0.7105,27,38,0,平日,尖峰,0.0,0,0
2026-03-18,2026-03-18,417,0.5714285714285714,4.0,14,傾斜式自強,1,0,1.0,14,14,0,平日,離峰,0.0,0,0
2026-03-18,2026-03-18,4171,0.48148148148148145,4.0,27,區間,1,0,0.7105,27,38,0,平日,離峰,0.0,0,0
2026-03-18,2026-03-18,4172,0.5555555555555556,2.0,27,區間,0,0,0.7105,27,38,0,平日,離峰,0.0,0,0
2026-03-18,2026-03-18,4173,1.2222222222222223,4.0,27,區間,1,0,0.7105,27,38,0,平日,離峰,0.0,0,0
2026-03-18,2026-03-18,4177,0.02631578947368421,1.0,38,區間,1,0,0.7755,38,49,0,平日,離峰,0.0,0,0
2026-03-18,2026-03-18,4178,1.6666666666666667,6.0,27,區間,0,0,0.7105,27,38,0,平日,離峰,0.0,0,0
2026-03-18,2026-03-18,4182,0.037037037037037035,1.0,27,區間,0,0,0.7105,27,38,0,平日,離峰,0.0,0,0
2026-03-18,2026-03-18,4183,0.75,4.0,36,區間,1,0,0.72,36,50,0,平日,離峰,2.0,0,0
2026-03-18,2026-03-18,4184,0.35294117647058826,1.0,17,區間,0,0,0.9444,17,18,0,平日,離峰,1.0,0,0
2026-03-18,2026-03-18,4187,0.75,2.0,20,區間,1,0,0.9091,20,22,0,平日,離峰,1.0,0,0
2026-03-18,2026-03-18,4188,0.18518518518518517,1.0,27,區間,0,0,0.7105,27,38,0,平日,離峰,0.0,0,0
2026-03-18,2026-03-18,419,0.35294117647058826,3.0,17,自強,1,0,1.0,17,17,0,平日,離峰,0.0,0,0
2026-03-18,2026-03-18,4191,0.3333333333333333,2.0,30,區間,1,0,0.6977,30,43,0,平日,離峰,2.0,0,0
2026-03-18,2026-03-18,4193,0.25925925925925924,1.0,27,區間,1,0,0.7105,27,38,0,平日,離峰,1.0,0,0
2026-03-18,2026-03-18,4194,0.0,0.0,9,區間,0,0,0.8182,9,11,0,平日,離峰,0.0,0,0
2026-03-18,2026-03-18,4197,0.07407407407407407,1.0,27,區間,1,0,0.7105,27,38,0,平日,離峰,0.0,0,0
2026-03-18,2026-03-18,4198,0.0,0.0,27,區間,0,0,0.7105,27,38,0,平日,離峰,0.0,0,0
2026-03-18,2026-03-18,420,0.1875,1.0,16,自強,0,0,0.9412,16,17,0,平日,離峰,0.0,0,0
2026-03-18,2026-03-18,4206,2.2941176470588234,3.0,17,區間,0,0,0.9444,17,18,0,平日,尖峰,3.0,0,1
2026-03-18,2026-03-18,4207,0.4117647058823529,2.0,17,區間,1,0,0.9444,17,18,0,平日,離峰,0.0,0,0
2026-03-18,2026-03-18,4208,0.2962962962962963,2.0,27,區間,0,0,0.7105,27,38,0,平日,離峰,2.0,0,0
2026-03-18,2026-03-18,4209,0.0,0.0,12,區間,1,0,0.3529,12,34,0,平日,尖峰,,0,0
2026-03-18,2026-03-18,421,0.0,0.0,7,自強,1,0,1.0,7,7,0,平日,離峰,0.0,0,0
2026-03-18,2026-03-18,4211,0.0,0.0,20,區間,1,0,0.5263,20,38,0,平日,尖峰,,0,0
2026-03-18,2026-03-18,4213,0.2222222222222222,1.0,9,區間,1,0,0.8182,9,11,0,平日,尖峰,0.0,0,0
2026-03-18,2026-03-18,4215,0.0,0.0,2,區間,1,0,0.125,2,16,0,平日,離峰,,0,0
2026-03-18,2026-03-18,4216,0.1724137931034483,2.0,29,區間,0,0,0.725,29,40,0,平日,離峰,0.0,0,0
2026-03-18,2026-03-18,4218,1.25,9.0,8,區間,0,0,0.7273,8,11,0,平日,尖峰,0.0,0,0
2026-03-18,2026-03-18,422,0.5652173913043478,3.0,23,自強,0,0,0.9583,23,24,0,平日,離峰,0.0,0,0
2026-03-18,2026-03-18,4221,0.0,0.0,14,區間,1,0,0.28,14,50,0,平日,尖峰,,0,0
2026-03-18,2026-03-18,4222,0.0,0.0,9,區間,0,0,0.8182,9,11,0,平日,尖峰,0.0,0,0
2026-03-18,2026-03-18,4224,0.0,0.0,22,區間,0,0,0.6875,22,32,0,平日,離峰,0.0,0,0
2026-03-18,2026-03-18,4227,1.0,7.0,17,區間,1,0,0.9444,17,18,0,平日,尖峰,0.0,0,0
2026-03-18,2026-03-18,4228,0.0,0.0,2,區間,0,0,0.1111,2,18,0,平日,尖峰,,0,0
2026-03-18,2026-03-18,4229,0.0,0.0,9,區間,1,0,0.8182,9,11,0,平日,尖峰,0.0,0,0
2026-03-18,2026-03-18,423,0.03333333333333333,1.0,30,自強,1,0,1.0,30,30,0,平日,離峰,0.0,0,0
2026-03-18,2026-03-18,4232,0.7241379310344828,3.0,29,區間,0,0,0.58,29,50,0,平日,離峰,,0,0
2026-03-18,2026-03-18,4234,0.8125,3.0,16,區間,0,0,0.7273,16,22,0,平日,尖峰,0.0,0,0
2026-03-18,2026-03-18,4235,0.0,0.0,4,區間,1,0,0.0851,4,47,0,平日,尖峰,,0,0
2026-03-18,2026-03-18,4236,1.9090909090909092,3.0,11,區間,0,0,0.6875,11,16,0,平日,尖峰,1.0,0,0
2026-03-18,2026-03-18,424,0.16666666666666666,1.0,18,自強,0,0,0.9,18,20,0,平日,離峰,0.0,0,0
2026-03-18,2026-03-18,4240,1.0,3.0,11,區間,0,0,0.2444,11,45,0,平日,尖峰,,0,0
2026-03-18,2026-03-18,4241,0.0,0.0,2,區間,1,0,0.05,2,40,0,平日,離峰,,0,0
2026-03-18,2026-03-18,4247,0.0,0.0,2,區間,1,0,0.1111,2,18,0,平日,離峰,,0,0
2026-03-18,2026-03-18,426,0.5,1.0,8,自強,0,0,1.0,8,8,0,平日,離峰,0.0,0,0
2026-03-18,2026-03-18,428,0.23076923076923078,1.0,26,自強,0,0,0.7879,26,33,0,平日,離峰,,0,0
2026-03-18,2026-03-18,431,0.5555555555555556,3.0,27,自強,1,0,0.9643,27,28,0,平日,離峰,0.0,0,0
2026-03-18,2026-03-18,432,0.3157894736842105,1.0,19,自強,0,0,0.6786,19,28,0,平日,離峰,,0,0
2026-03-18,2026-03-18,434,0.3125,1.0,16,自強,0,0,0.5714,16,28,0,平日,離峰,,0,0
2026-03-18,2026-03-18,438,0.2,1.0,5,自強,0,0,0.3846,5,13,0,平日,尖峰,,0,0
2026-03-18,2026-03-18,439,0.15384615384615385,1.0,13,自強,1,0,0.7222,13,18,0,平日,離峰,,0,0
2026-03-18,2026-03-18,441,0.0,0.0,5,自強,1,0,0.625,5,8,0,平日,尖峰,,0,0
2026-03-18,2026-03-18,442,1.2666666666666666,3.0,15,自強,0,0,0.7143,15,21,0,平日,離峰,,0,0
2026-03-18,2026-03-18,445,1.25,2.0,4,自強,1,0,0.3333,4,12,0,平日,尖峰,,0,0
2026-03-18,2026-03-18,447,0.0,0.0,2,自強,1,0,0.125,2,16,0,平日,離峰,,0,0
2026-03-18,2026-03-18,448,0.0,0.0,4,傾斜式自強,0,0,0.2222,4,18,0,平日,尖峰,,0,0
2026-03-18,2026-03-18,449,1.2,2.0,10,自強,1,0,0.5263,10,19,0,平日,尖峰,,0,0
2026-03-18,2026-03-18,4503,0.5,1.0,4,區間,1,0,0.4,4,10,0,平日,深夜,0.0,0,0
2026-03-18,2026-03-18,4504,1.0,2.0,5,區間,0,0,0.8333,5,6,0,平日,深夜,2.0,0,0
2026-03-18,2026-03-18,4507,0.0,0.0,7,區間,1,0,0.5833,7,12,0,平日,深夜,0.0,0,0
2026-03-18,2026-03-18,4508,1.2,4.0,10,區間,0,0,0.8333,10,12,0,平日,深夜,4.0,0,0
2026-03-18,2026-03-18,4512,0.0,0.0,7,區間,0,0,0.875,7,8,0,平日,尖峰,0.0,0,0
2026-03-18,2026-03-18,4513,0.13333333333333333,2.0,15,區間,1,0,0.7143,15,21,0,平日,深夜,0.0,0,0
2026-03-18,2026-03-18,4514,0.3333333333333333,2.0,9,區間,0,0,0.6,9,15,0,平日,深夜,0.0,0,0
2026-03-18,2026-03-18,4516,1.4864864864864864,15.0,37,區間,0,0,0.8409,37,44,0,平日,深夜,3.0,0,0
2026-03-18,2026-03-18,4517,1.6818181818181819,4.0,22,區間,1,0,0.8148,22,27,0,平日,尖峰,1.0,0,0
2026-03-18,2026-03-18,4519,0.42857142857142855,1.0,7,區間,1,0,0.875,7,8,0,平日,尖峰,0.0,0,0
2026-03-18,2026-03-18,4521,4.045454545454546,17.0,22,區間,1,0,0.8148,22,27,0,平日,離峰,0.0,0,1
2026-03-18,2026-03-18,4528,0.16666666666666666,1.0,12,區間,0,0,0.75,12,16,0,平日,離峰,0.0,0,0
2026-03-18,2026-03-18,4534,0.8636363636363636,3.0,22,區間,0,0,0.8148,22,27,0,平日,離峰,1.0,0,0
2026-03-18,2026-03-18,4537,0.45454545454545453,2.0,22,區間,1,0,0.8148,22,27,0,平日,離峰,0.0,0,0
2026-03-18,2026-03-18,4542,0.9090909090909091,2.0,11,區間,0,0,0.9167,11,12,0,平日,尖峰,2.0,0,0
2026-03-18,2026-03-18,4543,0.08333333333333333,1.0,12,區間,1,0,0.8,12,15,0,平日,尖峰,0.0,0,0
2026-03-18,2026-03-18,4547,0.09090909090909091,1.0,11,區間,1,0,0.9167,11,12,0,平日,離峰,0.0,0,0
2026-03-18,2026-03-18,4548,1.375,3.0,8,區間,0,0,0.6667,8,12,0,平日,尖峰,,0,0
2026-03-18,2026-03-18,4552,0.6111111111111112,2.0,18,區間,0,0,0.8571,18,21,0,平日,尖峰,2.0,0,0
2026-03-18,2026-03-18,4553,0.5714285714285714,1.0,7,區間,1,0,0.4118,7,17,0,平日,尖峰,,0,0
2026-03-18,2026-03-18,4556,0.0,0.0,7,區間,0,0,0.2692,7,26,0,平日,尖峰,,0,0
2026-03-18,2026-03-18,4703,1.0,1.0,5,區間,1,0,0.4167,5,12,0,平日,深夜,,0,0
2026-03-18,2026-03-18,4704,0.0,0.0,2,區間,0,0,0.2222,2,9,0,平日,深夜,,0,0
2026-03-18,2026-03-18,4705,4.4,7.0,5,區間,1,0,0.4167,5,12,0,平日,尖峰,,0,1
2026-03-18,2026-03-18,4706,3.2,5.0,5,區間,0,0,0.4167,5,12,0,平日,尖峰,,0,1
2026-03-18,2026-03-18,4707,0.6,1.0,5,區間,1,0,0.4167,5,12,0,平日,尖峰,,0,0
2026-03-18,2026-03-18,4708,0.5,1.0,4,區間,0,0,0.4444,4,9,0,平日,尖峰,,0,0
2026-03-18,2026-03-18,4712,0.4,1.0,5,區間,0,0,0.4167,5,12,0,平日,尖峰,,0,0
2026-03-18,2026-03-18,4714,0.0,0.0,4,區間,0,0,0.4444,4,9,0,平日,離峰,,0,0
2026-03-18,2026-03-18,4715,0.0,0.0,5,區間,1,0,0.4167,5,12,0,平日,離峰,,0,0
2026-03-18,2026-03-18,472,0.9285714285714286,4.0,28,自強,0,1,0.9655,28,29,0,平日,尖峰,2.0,0,0
2026-03-18,2026-03-18,4722,0.2,1.0,5,區間,0,0,0.4167,5,12,0,平日,離峰,,0,0
2026-03-18,2026-03-18,4733,13.4,16.0,5,區間,1,0,0.4167,5,12,0,平日,尖峰,,0,1
2026-03-18,2026-03-18,4735,1.0,3.0,3,區間,1,0,0.3333,3,9,0,平日,尖峰,0.0,0,0
2026-03-18,2026-03-18,4738,0.0,0.0,5,區間,0,0,0.4167,5,12,0,平日,尖峰,,0,0
2026-03-18,2026-03-18,477,0.30434782608695654,2.0,23,自強,1,1,0.7931,23,29,0,平日,離峰,,0,0
2026-03-18,2026-03-18,4811,0.5,1.0,4,區間,1,0,0.3636,4,11,0,平日,尖峰,,0,0
2026-03-18,2026-03-18,4813,0.5,1.0,4,區間,1,0,0.3636,4,11,0,平日,離峰,,0,0
2026-03-18,2026-03-18,4816,0.25,1.0,4,區間,0,0,0.3636,4,11,0,平日,離峰,,0,0
2026-03-18,2026-03-18,4817,0.5,1.0,4,區間,1,0,0.3636,4,11,0,平日,離峰,,0,0
2026-03-18,2026-03-18,4818,1.0,1.0,4,區間,0,0,0.3636,4,11,0,平日,離峰,,0,0
2026-03-18,2026-03-18,4821,4.5,6.0,4,區間,1,0,0.3636,4,11,0,平日,離峰,,0,1
2026-03-18,2026-03-18,4823,0.25,1.0,4,區間,1,0,0.3636,4,11,0,平日,離峰,,0,0
2026-03-18,2026-03-18,4824,1.25,2.0,4,區間,0,0,0.3636,4,11,0,平日,離峰,,0,0
2026-03-18,2026-03-18,4825,0.5,1.0,4,區間,1,0,0.3636,4,11,0,平日,離峰,,0,0
2026-03-18,2026-03-18,4826,0.0,0.0,4,區間,0,0,0.3636,4,11,0,平日,離峰,,0,0
2026-03-18,2026-03-18,4827,0.0,0.0,4,區間,1,0,0.3636,4,11,0,平日,離峰,,0,0
2026-03-18,2026-03-18,4828,0.0,0.0,4,區間,0,0,0.3636,4,11,0,平日,離峰,,0,0
2026-03-18,2026-03-18,4831,0.0,0.0,4,區間,1,0,0.3636,4,11,0,平日,離峰,,0,0
2026-03-18,2026-03-18,4832,0.0,0.0,4,區間,0,0,0.3636,4,11,0,平日,離峰,,0,0
2026-03-18,2026-03-18,4834,1.5,2.0,4,區間,0,0,0.3636,4,11,0,平日,離峰,,0,0
2026-03-18,2026-03-18,4836,2.25,3.0,4,區間,0,0,0.3636,4,11,0,平日,尖峰,,0,1
2026-03-18,2026-03-18,501,0.2,1.0,20,莒光,1,0,0.8696,20,23,0,平日,深夜,0.0,0,0
2026-03-18,2026-03-18,503,0.2857142857142857,1.0,7,莒光,1,0,1.0,7,7,0,平日,尖峰,0.0,0,0
2026-03-18,2026-03-18,510,0.9032258064516129,3.0,31,莒光,0,2,1.0,31,31,0,平日,尖峰,1.0,0,0
2026-03-18,2026-03-18,511,0.6,4.0,35,莒光,1,2,1.0,35,35,0,平日,尖峰,0.0,0,0
2026-03-18,2026-03-18,516,0.5172413793103449,3.0,29,莒光,0,2,1.0,29,29,0,平日,離峰,3.0,0,0
2026-03-18,2026-03-18,521,2.3636363636363638,6.0,22,莒光,1,2,0.5946,22,37,0,平日,離峰,,0,1
2026-03-18,2026-03-18,554,1.9696969696969697,6.0,33,莒光,0,2,0.6111,33,54,0,平日,離峰,,0,0
2026-03-18,2026-03-18,5898,1.0,3.0,7,其他,0,0,1.0,7,7,0,平日,離峰,0.0,0,0
2026-03-18,2026-03-18,5899,0.42857142857142855,1.0,7,其他,1,0,1.0,7,7,0,平日,離峰,1.0,0,0
2026-03-18,2026-03-18,602,0.0,0.0,18,莒光,0,0,0.9474,18,19,0,平日,尖峰,0.0,0,0
2026-03-18,2026-03-18,6444,0.5,1.0,2,莒光,0,0,1.0,2,2,0,平日,尖峰,0.0,0,0
2026-03-18,2026-03-18,653,1.1951219512195121,7.0,41,莒光,1,2,0.7593,41,54,0,平日,離峰,,0,0
2026-03-18,2026-03-18,708,1.1111111111111112,4.0,18,莒光,0,0,1.0,18,18,0,平日,離峰,0.0,0,0
2026-03-18,2026-03-18,727,0.46153846153846156,2.0,13,莒光,1,0,0.9286,13,14,0,平日,離峰,0.0,0,0
